frame,train_track_id,train_conf,train_bbox,assigned_track,overlap
0,1,0.7786387205123901,"[387.26123046875, 573.979248046875, 600.7952880859375, 788.73193359375]",voie1,0.5714
1,1,0.7727003693580627,"[387.0235900878906, 570.222900390625, 599.80615234375, 789.3119506835938]",voie1,0.5594
2,1,0.7930887937545776,"[388.72314453125, 573.189697265625, 604.501953125, 792.0787353515625]",voie1,0.5638
3,1,0.7940279841423035,"[389.3033752441406, 574.31689453125, 606.2959594726562, 793.0797119140625]",voie1,0.5691
4,1,0.7796103358268738,"[387.4189758300781, 570.0317993164062, 609.5703735351562, 791.4710083007812]",voie1,0.5545
5,1,0.7801543474197388,"[386.5233154296875, 568.7542114257812, 610.4361572265625, 791.0692138671875]",voie1,0.5521
6,1,0.8096005320549011,"[384.58636474609375, 566.9279174804688, 618.7261352539062, 792.2952270507812]",voie1,0.5656
7,1,0.8108795285224915,"[384.0967712402344, 566.528076171875, 622.0227661132812, 793.6365356445312]",voie1,0.5638
8,1,0.8049460053443909,"[383.50555419921875, 566.5023193359375, 619.361572265625, 792.4635009765625]",voie1,0.557
9,1,0.8048656582832336,"[382.8509826660156, 565.7587890625, 617.7075805664062, 791.4102783203125]",voie1,0.5533
10,1,0.808881402015686,"[378.5135192871094, 561.6893310546875, 616.2193603515625, 790.934814453125]",voie1,0.5392
11,1,0.809718906879425,"[377.0802917480469, 560.564453125, 615.841064453125, 791.1943969726562]",voie1,0.5362
12,1,0.8014200329780579,"[381.53997802734375, 560.2510375976562, 622.2922973632812, 789.0040283203125]",voie1,0.5489
13,1,0.8018485903739929,"[383.039306640625, 560.0478515625, 624.3629760742188, 788.035888671875]",voie1,0.5478
14,1,0.8047232627868652,"[382.3948669433594, 559.5704345703125, 628.3594970703125, 788.68017578125]",voie1,0.5429
15,1,0.8043285012245178,"[381.8677062988281, 559.6538696289062, 629.4287719726562, 788.9940185546875]",voie1,0.5432
16,1,0.8030297160148621,"[381.24566650390625, 558.9315795898438, 627.02392578125, 789.0342407226562]",voie1,0.5216
17,1,0.8051700592041016,"[381.6719970703125, 559.8344116210938, 627.4489135742188, 790.8734130859375]",voie1,0.5275
18,1,0.7954353094100952,"[382.4342041015625, 559.4866333007812, 627.9490356445312, 790.4110717773438]",voie1,0.5234
19,1,0.7945618033409119,"[382.3891906738281, 558.9989624023438, 627.7611083984375, 789.91650390625]",voie1,0.522
20,1,0.8001106381416321,"[384.7715759277344, 559.2943725585938, 631.2970581054688, 791.9447021484375]",voie1,0.5423
21,1,0.7996966242790222,"[385.85736083984375, 559.2554321289062, 632.5712280273438, 792.4805908203125]",voie1,0.5441
22,1,0.8032059073448181,"[385.4740905761719, 557.7476196289062, 634.4344482421875, 791.2838134765625]",voie1,0.5242
23,1,0.8032293319702148,"[384.9621887207031, 557.4033203125, 634.9148559570312, 791.0453491210938]",voie1,0.524
24,1,0.7978966236114502,"[383.7977294921875, 559.1478881835938, 637.4238891601562, 790.5303344726562]",voie1,0.5357
25,1,0.7976671457290649,"[383.52685546875, 560.2533569335938, 638.22265625, 790.6585083007812]",voie1,0.539
26,1,0.7951086163520813,"[386.80377197265625, 562.9473266601562, 643.3919677734375, 789.2532348632812]",voie1,0.5482
27,1,0.8022310137748718,"[388.1463928222656, 563.0296630859375, 646.0074462890625, 791.864990234375]",voie1,0.5528
28,1,0.7966023087501526,"[389.7762756347656, 561.6388549804688, 650.6909790039062, 792.6716918945312]",voie1,0.5518
29,1,0.7995304465293884,"[391.0035400390625, 559.90576171875, 649.6069946289062, 793.3031616210938]",voie1,0.5494
30,1,0.7944238781929016,"[393.3190002441406, 559.6746215820312, 649.90869140625, 794.7915649414062]",voie1,0.5392
31,1,0.7947222590446472,"[393.5911865234375, 559.4821166992188, 649.4323120117188, 795.1975708007812]",voie1,0.542
32,1,0.8032506108283997,"[392.71539306640625, 559.0938720703125, 651.972412109375, 792.678955078125]",voie1,0.5431
33,1,0.8033820986747742,"[392.9661560058594, 559.6217041015625, 653.55859375, 792.2092895507812]",voie1,0.5428
34,1,0.7973713278770447,"[392.6785583496094, 555.5531616210938, 656.4912109375, 789.3806762695312]",voie1,0.5824
35,1,0.7968062162399292,"[393.03857421875, 555.1121215820312, 657.8666381835938, 789.439453125]",voie1,0.5812
44,1,0.8294429779052734,"[390.8615417480469, 535.3485107421875, 654.4625854492188, 770.351318359375]",voie1,0.6006
45,1,0.8299647569656372,"[391.1374816894531, 535.083984375, 654.5331420898438, 770.2440795898438]",voie1,0.5998
48,1,0.4137032628059387,"[385.5469665527344, 558.5564575195312, 652.482666015625, 756.58154296875]",voie1,0.6329
49,1,0.425555557012558,"[384.90704345703125, 561.3719482421875, 652.4418334960938, 755.1422119140625]",voie1,0.6392
53,1,0.43011555075645447,"[376.8461608886719, 540.1549682617188, 648.5562133789062, 754.8089599609375]",voie1,0.5801
54,1,0.8231843113899231,"[375.2975769042969, 528.5977783203125, 647.4907836914062, 753.6115112304688]",voie1,0.5759
55,1,0.7968376278877258,"[373.2282409667969, 523.9539794921875, 641.7635498046875, 749.2864379882812]",voie1,0.5567
56,1,0.8167001605033875,"[374.6805419921875, 516.3446655273438, 652.269287109375, 754.04638671875]",voie1,0.5438
57,1,0.8137598633766174,"[376.1610412597656, 514.5608520507812, 656.782958984375, 756.064208984375]",voie1,0.5436
58,1,0.7991561889648438,"[376.8105773925781, 511.17852783203125, 661.4749755859375, 754.8252563476562]",voie1,0.5196
59,1,0.8008835911750793,"[377.0754089355469, 510.6730651855469, 663.065185546875, 755.0089111328125]",voie1,0.5179
60,1,0.8104118704795837,"[374.47967529296875, 508.2726745605469, 662.8425903320312, 754.30126953125]",voie1,0.5161
61,1,0.8097736239433289,"[374.3476867675781, 507.90924072265625, 663.7022094726562, 754.6652221679688]",voie1,0.5159
62,1,0.79756098985672,"[384.04449462890625, 502.4421081542969, 669.1456909179688, 757.85888671875]",voie1,0.5185
63,1,0.7972832918167114,"[387.75653076171875, 501.64398193359375, 671.0106811523438, 760.2818603515625]",voie1,0.5217
64,1,0.7962918281555176,"[385.2055358886719, 500.3619079589844, 672.3810424804688, 759.0248413085938]",voie1,0.5125
65,1,0.7957056760787964,"[385.1285095214844, 500.763671875, 673.666748046875, 759.3870239257812]",voie1,0.5142
66,1,0.7503886222839355,"[383.529052734375, 495.1678161621094, 674.3074951171875, 759.9895629882812]",voie1,0.5239
67,1,0.7102358937263489,"[382.91845703125, 493.9002990722656, 674.214111328125, 762.38330078125]",voie1,0.5256
68,1,0.7876099944114685,"[384.0498046875, 487.89471435546875, 677.3912353515625, 763.0457153320312]",voie1,0.5196
69,1,0.7869471311569214,"[384.6122741699219, 486.03265380859375, 678.9757080078125, 763.7843627929688]",voie1,0.517
70,1,0.7620653510093689,"[388.38287353515625, 484.673583984375, 680.97314453125, 762.0989990234375]",voie1,0.5188
71,1,0.7622339129447937,"[389.73272705078125, 484.55255126953125, 681.3101196289062, 761.7548217773438]",voie1,0.5181
72,1,0.6508405804634094,"[375.76239013671875, 484.64959716796875, 677.2213134765625, 760.7339477539062]",voie1,0.5121
73,1,0.6589165329933167,"[371.5523376464844, 485.24560546875, 677.0391845703125, 761.396484375]",voie1,0.515
74,1,0.7885337471961975,"[376.3336181640625, 486.035888671875, 682.9923095703125, 760.2015991210938]",voie1,0.52
75,1,0.7894812226295471,"[378.3223876953125, 487.09234619140625, 684.7168579101562, 760.4041748046875]",voie1,0.523
76,1,0.7729895114898682,"[370.9552307128906, 486.79510498046875, 683.1021728515625, 753.2411499023438]",voie1,0.5024
77,1,0.7743149995803833,"[368.2143249511719, 486.9790344238281, 682.1859741210938, 750.37109375]",voie1,0.4977
78,1,0.7703837156295776,"[370.9937438964844, 483.9370422363281, 688.41357421875, 756.3499145507812]",voie1,0.511
79,1,0.7630736827850342,"[372.4427185058594, 483.1806335449219, 691.843505859375, 758.1126098632812]",voie1,0.513
80,1,0.7339209914207458,"[371.6454162597656, 484.0299377441406, 696.9500732421875, 755.293701171875]",voie1,0.4909
81,1,0.7336891293525696,"[371.1025390625, 484.0881652832031, 698.9536743164062, 753.8977661132812]",voie1,0.4884
82,1,0.7622465491294861,"[373.25616455078125, 484.8853759765625, 702.9675903320312, 755.1239013671875]",voie1,0.5086
83,1,0.743036150932312,"[374.2980041503906, 484.85784912109375, 704.8980712890625, 753.9284057617188]",voie1,0.506
84,1,0.7909858822822571,"[381.0827331542969, 488.1481628417969, 702.9476928710938, 758.3319702148438]",voie1,0.5187
85,1,0.7891944050788879,"[383.5123291015625, 488.9049377441406, 702.20166015625, 758.25146484375]",voie1,0.5193
86,1,0.8095417618751526,"[396.908203125, 485.6861877441406, 706.52685546875, 757.82958984375]",voie1,0.5206
87,1,0.8176225423812866,"[398.3224182128906, 485.9895935058594, 705.4014282226562, 757.7622680664062]",voie1,0.5197
88,1,0.7890329957008362,"[394.62176513671875, 487.9648132324219, 702.1414184570312, 759.7000122070312]",voie1,0.5082
89,1,0.796654999256134,"[393.8871765136719, 488.0816955566406, 701.4813842773438, 760.53271484375]",voie1,0.5097
90,1,0.8166290521621704,"[392.4841613769531, 488.13714599609375, 702.8358154296875, 763.9038696289062]",voie1,0.5214
91,1,0.8169847130775452,"[391.9947814941406, 488.14251708984375, 703.0557861328125, 765.11572265625]",voie1,0.5229
92,1,0.8294149041175842,"[390.2915344238281, 489.50341796875, 709.9072265625, 767.9521484375]",voie1,0.5393
93,1,0.7919829487800598,"[388.3206787109375, 489.35223388671875, 708.6021118164062, 766.8631591796875]",voie1,0.5167
94,1,0.8307442665100098,"[387.9781494140625, 484.9692687988281, 710.88330078125, 768.0117797851562]",voie1,0.5073
95,1,0.831454873085022,"[389.0489501953125, 483.16986083984375, 712.0191040039062, 768.0628662109375]",voie1,0.5237
96,1,0.7467196583747864,"[382.8101501464844, 484.80084228515625, 709.5562133789062, 760.8699951171875]",voie1,0.5047
97,1,0.7456384897232056,"[380.6021728515625, 484.64532470703125, 708.8583984375, 757.0640869140625]",voie1,0.4983
98,1,0.822606086730957,"[378.4888610839844, 488.85821533203125, 717.3240966796875, 772.0449829101562]",voie1,0.5539
99,1,0.8237344026565552,"[378.4762268066406, 489.8572692871094, 720.9127197265625, 777.4855346679688]",voie1,0.5632
100,1,0.818038284778595,"[376.33746337890625, 490.4603271484375, 718.5629272460938, 776.1295166015625]",voie1,0.5447
101,1,0.7989798188209534,"[376.009765625, 489.80828857421875, 716.4849853515625, 774.3106079101562]",voie1,0.5398
102,1,0.8151114583015442,"[381.08282470703125, 486.9710693359375, 720.3348388671875, 776.3148193359375]",voie1,0.5361
103,1,0.8149092197418213,"[382.6740417480469, 485.1448059082031, 721.4158325195312, 776.38720703125]",voie1,0.533
104,1,0.8172916769981384,"[390.3135070800781, 482.302978515625, 723.513671875, 777.9413452148438]",voie1,0.5247
105,1,0.8181788921356201,"[393.2588195800781, 480.8190612792969, 724.5040893554688, 778.27880859375]",voie1,0.5227
106,1,0.7876834273338318,"[395.1741027832031, 485.16156005859375, 725.740966796875, 780.133544921875]",voie1,0.5467
107,1,0.7812433242797852,"[395.2865905761719, 486.0549621582031, 726.544189453125, 779.915771484375]",voie1,0.5474
108,1,0.7986949682235718,"[384.9429931640625, 483.7179260253906, 734.1959228515625, 782.7263793945312]",voie1,0.5479
109,1,0.7891623377799988,"[381.2098083496094, 482.7973327636719, 737.2572631835938, 784.2833251953125]",voie1,0.5491
110,1,0.7753635048866272,"[377.5213623046875, 480.79730224609375, 749.047119140625, 795.699462890625]",voie1,0.4754
111,1,0.7822962403297424,"[376.6493835449219, 479.0892028808594, 753.6478881835938, 799.533203125]",voie1,0.4816
112,1,0.7885543704032898,"[382.03857421875, 480.407470703125, 767.6417236328125, 797.4812622070312]",voie1,0.4911
113,1,0.7936949729919434,"[383.843017578125, 480.9029235839844, 772.515380859375, 796.9678955078125]",voie1,0.4955
114,1,0.7710495591163635,"[384.441162109375, 478.5917053222656, 766.4776000976562, 799.4761352539062]",voie1,0.4844
115,1,0.7748762965202332,"[384.7934265136719, 477.2923278808594, 764.2230224609375, 800.0624389648438]",voie1,0.4834
116,1,0.8092701435089111,"[395.5303955078125, 482.0570068359375, 766.9448852539062, 796.9586181640625]",voie1,0.5045
117,1,0.814975917339325,"[399.88275146484375, 483.46710205078125, 767.423828125, 793.8901977539062]",voie1,0.5017
118,1,0.7999346852302551,"[401.0196533203125, 484.7160949707031, 767.8932495117188, 800.97265625]",voie1,0.5078
119,1,0.7967103719711304,"[401.2196044921875, 484.5199890136719, 767.966552734375, 802.7061767578125]",voie1,0.5114
120,1,0.8213827610015869,"[424.915283203125, 482.4419860839844, 768.1267700195312, 805.0344848632812]",voie1,0.5138
121,1,0.8160659670829773,"[433.1260681152344, 481.0718688964844, 770.2716674804688, 806.4984741210938]",voie1,0.5117
122,1,0.808929979801178,"[436.0810852050781, 482.9422607421875, 773.420654296875, 807.1729125976562]",voie1,0.5216
123,1,0.8084839582443237,"[437.18804931640625, 483.083984375, 774.4461059570312, 807.0759887695312]",voie1,0.5225
124,1,0.8156431317329407,"[443.93548583984375, 481.6096496582031, 782.0262451171875, 806.3286743164062]",voie1,0.5222
125,1,0.8152182698249817,"[446.30010986328125, 481.2914123535156, 784.7279663085938, 806.30859375]",voie1,0.5221
126,1,0.8342869281768799,"[450.3494873046875, 484.26556396484375, 796.5519409179688, 812.8778686523438]",voie1,0.5244
127,1,0.8329080939292908,"[451.6158752441406, 484.60009765625, 800.6224975585938, 814.6407470703125]",voie1,0.528
128,1,0.8350957036018372,"[452.5466003417969, 482.33489990234375, 803.1299438476562, 816.7010498046875]",voie1,0.534
129,1,0.8402203321456909,"[452.9574890136719, 482.4217529296875, 801.0216064453125, 813.8746948242188]",voie1,0.5301
130,1,0.8322171568870544,"[456.57275390625, 483.41827392578125, 804.460693359375, 815.2438354492188]",voie1,0.528
131,1,0.8318623304367065,"[456.88916015625, 483.5283508300781, 805.2335205078125, 815.5950317382812]",voie1,0.5285
132,1,0.8427748084068298,"[457.6295166015625, 481.36041259765625, 814.5202026367188, 818.0568237304688]",voie1,0.5234
133,1,0.8428012132644653,"[457.2408447265625, 480.22247314453125, 817.2891845703125, 818.7509155273438]",voie1,0.5229
134,1,0.8391895890235901,"[456.54547119140625, 481.5264587402344, 821.0054321289062, 817.9617309570312]",voie1,0.5257
135,1,0.8412714004516602,"[456.25341796875, 481.7774963378906, 821.642822265625, 817.6688842773438]",voie1,0.525
136,1,0.8435444235801697,"[459.1187744140625, 481.87664794921875, 827.6134033203125, 816.20458984375]",voie1,0.5192
137,1,0.84457927942276,"[459.7713928222656, 481.77557373046875, 829.8546752929688, 815.6641235351562]",voie1,0.5179
138,1,0.8481934070587158,"[468.1419982910156, 483.0931091308594, 837.2888793945312, 822.1657104492188]",voie1,0.531
139,1,0.8497141003608704,"[468.5069885253906, 483.1257629394531, 841.1788940429688, 824.311279296875]",voie1,0.5346
140,1,0.8604546189308167,"[474.4483337402344, 478.0833740234375, 849.6369018554688, 823.7405395507812]",voie1,0.5151
141,1,0.8599528670310974,"[475.41790771484375, 476.3378601074219, 851.6370849609375, 823.8951416015625]",voie1,0.5125
142,1,0.8587853908538818,"[475.8700256347656, 476.2734069824219, 854.1802978515625, 824.2892456054688]",voie1,0.5102
143,1,0.8589115738868713,"[476.2194519042969, 476.16790771484375, 855.1488647460938, 824.3995361328125]",voie1,0.5096
144,1,0.8534491658210754,"[477.34954833984375, 474.20947265625, 857.6136474609375, 824.3284912109375]",voie1,0.5127
145,1,0.8538984656333923,"[477.86224365234375, 473.6880798339844, 858.5914306640625, 823.3606567382812]",voie1,0.5101
146,1,0.8536726832389832,"[478.8529052734375, 473.0357666015625, 859.388427734375, 824.4286499023438]",voie1,0.5087
147,1,0.8548295497894287,"[478.969482421875, 473.0054626464844, 858.0311889648438, 824.6843872070312]",voie1,0.5105
148,1,0.8583849668502808,"[480.40106201171875, 475.42352294921875, 860.95849609375, 822.5018920898438]",voie1,0.5239
149,1,0.8584651350975037,"[481.3946838378906, 475.67510986328125, 862.5729370117188, 821.1411743164062]",voie1,0.523
150,1,0.8541901707649231,"[484.1047058105469, 473.4234924316406, 866.1839599609375, 823.3473510742188]",voie1,0.528
151,1,0.8549749255180359,"[484.8727111816406, 472.81500244140625, 866.7410888671875, 824.2478637695312]",voie1,0.5286
152,1,0.8547232747077942,"[484.4198913574219, 472.6749572753906, 869.453857421875, 821.1744995117188]",voie1,0.5246
153,1,0.8547040224075317,"[484.2867736816406, 472.7524719238281, 870.5361938476562, 820.0853271484375]",voie1,0.5232
154,1,0.8552281856536865,"[485.382568359375, 467.02349853515625, 880.3541259765625, 822.59814453125]",voie1,0.5108
155,1,0.8552265167236328,"[486.17352294921875, 464.54937744140625, 884.159912109375, 823.3126831054688]",voie1,0.5081
156,1,0.8456936478614807,"[486.0518798828125, 458.15216064453125, 887.5628662109375, 822.1925659179688]",voie1,0.5056
157,1,0.8460727334022522,"[485.6390380859375, 456.3952941894531, 888.47900390625, 822.2484741210938]",voie1,0.5025
158,1,0.8513092398643494,"[485.9599609375, 452.7540283203125, 896.5809936523438, 823.260986328125]",voie1,0.4989
159,1,0.8535335659980774,"[485.82568359375, 451.52423095703125, 900.2163696289062, 825.2823486328125]",voie1,0.4997
160,1,0.854885458946228,"[485.4277648925781, 452.7335510253906, 902.9176025390625, 825.7748413085938]",voie1,0.4988
161,1,0.8547853827476501,"[485.21929931640625, 453.1944885253906, 903.7881469726562, 825.7499389648438]",voie1,0.4991
162,1,0.851556658744812,"[489.0635681152344, 455.13751220703125, 907.2207641601562, 824.2431640625]",voie1,0.4988
163,1,0.8516326546669006,"[490.3123474121094, 455.4871826171875, 908.2149658203125, 824.3634033203125]",voie1,0.4989
164,1,0.8574681282043457,"[492.9587097167969, 451.5478515625, 931.5643920898438, 821.9891967773438]",voie1,0.4867
165,1,0.8572459816932678,"[494.0643615722656, 450.2546081542969, 940.3609008789062, 821.0958862304688]",voie1,0.484
166,1,0.8344179391860962,"[493.3252868652344, 450.56829833984375, 946.2041625976562, 822.6292724609375]",voie1,0.4895
167,1,0.8346592783927917,"[492.5967712402344, 450.9601745605469, 947.5379638671875, 823.6083984375]",voie1,0.491
168,1,0.8310226202011108,"[501.5970764160156, 451.9061279296875, 952.3124389648438, 824.5460815429688]",voie1,0.4936
169,1,0.8306085467338562,"[504.6094665527344, 451.5967712402344, 952.9224243164062, 824.32568359375]",voie1,0.4929
170,1,0.8777483701705933,"[498.1441345214844, 447.71368408203125, 960.1937255859375, 826.8307495117188]",voie1,0.4955
171,1,0.8774144053459167,"[497.6622314453125, 446.94415283203125, 963.142578125, 827.9990234375]",voie1,0.4957
172,1,0.8270464539527893,"[510.6321716308594, 447.80291748046875, 966.0908813476562, 824.3438720703125]",voie1,0.4776
173,1,0.8271480798721313,"[515.4620361328125, 448.02618408203125, 966.9147338867188, 823.0142822265625]",voie1,0.4766
174,1,0.8747226595878601,"[507.09869384765625, 446.90264892578125, 966.2030029296875, 825.6016845703125]",voie1,0.4834
175,1,0.8773614168167114,"[504.7499084472656, 446.6318054199219, 965.8880004882812, 826.4913330078125]",voie1,0.4842
176,1,0.8703929781913757,"[503.7041931152344, 445.3443298339844, 971.5447998046875, 828.680908203125]",voie1,0.4832
177,1,0.8704707026481628,"[503.1361083984375, 444.790771484375, 973.4447021484375, 829.37939453125]",voie1,0.4833
178,1,0.8278200030326843,"[519.386474609375, 440.4847717285156, 983.9330444335938, 823.718505859375]",voie1,0.4677
179,1,0.828471839427948,"[524.8820190429688, 438.62017822265625, 987.6964111328125, 823.2420043945312]",voie1,0.4646
180,1,0.8720759153366089,"[515.2011108398438, 439.0138244628906, 995.9874267578125, 835.31884765625]",voie1,0.4722
181,1,0.8745498061180115,"[511.1907653808594, 439.6239929199219, 1000.1771240234375, 831.1414184570312]",voie1,0.4671
182,1,0.8494915962219238,"[515.6708984375, 434.22760009765625, 1011.0119018554688, 845.0352172851562]",voie1,0.4858
183,1,0.8495175838470459,"[517.2047119140625, 432.0119934082031, 1014.6431274414062, 849.6930541992188]",voie1,0.4887
184,1,0.8711955547332764,"[519.1555786132812, 430.1409606933594, 1018.9343872070312, 854.2807006835938]",voie1,0.4944
185,1,0.871504008769989,"[520.0935668945312, 429.4147033691406, 1020.4168701171875, 855.0150146484375]",voie1,0.4949
186,1,0.8477250933647156,"[516.9442138671875, 428.5486145019531, 1031.3848876953125, 849.3988647460938]",voie1,0.4864
187,1,0.8603926301002502,"[516.2777709960938, 428.22039794921875, 1036.1875, 850.8479614257812]",voie1,0.4877
188,1,0.8732253909111023,"[514.67138671875, 430.9873046875, 1044.6123046875, 852.8665161132812]",voie1,0.4929
189,1,0.872955858707428,"[515.169921875, 432.1794128417969, 1048.6829833984375, 853.5519409179688]",voie1,0.496
190,1,0.8684903979301453,"[515.1069946289062, 428.20220947265625, 1053.9393310546875, 857.6209106445312]",voie1,0.4916
191,1,0.871010959148407,"[515.091796875, 426.8089599609375, 1055.771484375, 859.7772216796875]",voie1,0.4926
192,1,0.8742229342460632,"[509.91790771484375, 421.9355163574219, 1057.54345703125, 858.5663452148438]",voie1,0.4803
193,1,0.8711414933204651,"[509.25067138671875, 420.1577453613281, 1058.6014404296875, 854.4219360351562]",voie1,0.4733
194,1,0.8693321347236633,"[513.4086303710938, 418.87255859375, 1063.2457275390625, 856.0950927734375]",voie1,0.4771
195,1,0.8608152270317078,"[515.2054443359375, 417.9735412597656, 1064.238037109375, 857.0381469726562]",voie1,0.4772
196,1,0.8643182516098022,"[511.8450012207031, 410.692626953125, 1064.322509765625, 863.1854858398438]",voie1,0.4804
197,1,0.8641654849052429,"[511.9482116699219, 408.4648132324219, 1065.755859375, 865.55419921875]",voie1,0.4809
198,1,0.868692934513092,"[531.659423828125, 399.3974914550781, 1084.6580810546875, 859.3576049804688]",voie1,0.4589
199,1,0.8719878196716309,"[538.6417236328125, 397.1550598144531, 1091.1651611328125, 859.3245849609375]",voie1,0.4567
200,1,0.8852393627166748,"[552.550537109375, 404.2048645019531, 1104.074462890625, 853.080810546875]",voie1,0.4608
201,1,0.8765736222267151,"[552.347900390625, 404.3997802734375, 1108.031494140625, 851.0906372070312]",voie1,0.4585
202,1,0.8372247219085693,"[561.5716552734375, 406.736328125, 1110.14990234375, 853.2393798828125]",voie1,0.4611
203,1,0.8274570107460022,"[559.84228515625, 407.1357421875, 1112.3955078125, 857.2791748046875]",voie1,0.4667
204,1,0.8169335722923279,"[525.1710815429688, 406.13629150390625, 1121.2266845703125, 850.0056762695312]",voie1,0.4678
205,1,0.820410430431366,"[509.3182373046875, 404.98907470703125, 1126.6805419921875, 849.830078125]",voie1,0.4664
206,1,0.8276584148406982,"[513.6652221679688, 408.5129089355469, 1134.2354736328125, 844.0431518554688]",voie1,0.4587
207,1,0.8286161422729492,"[511.1398620605469, 407.4076843261719, 1143.1859130859375, 844.6341552734375]",voie1,0.4581
208,1,0.8078818321228027,"[533.232177734375, 406.5625915527344, 1142.839111328125, 841.262939453125]",voie1,0.4521
209,1,0.8089776635169983,"[540.1510620117188, 405.44647216796875, 1146.147705078125, 843.1690673828125]",voie1,0.4531
210,1,0.8499180674552917,"[546.4548950195312, 409.5043029785156, 1146.5391845703125, 844.3233642578125]",voie1,0.454
211,1,0.8497567176818848,"[546.8030395507812, 408.3971252441406, 1149.8857421875, 845.9456787109375]",voie1,0.4552
212,1,0.8637567758560181,"[551.6602172851562, 408.3042907714844, 1148.5206298828125, 841.9967041015625]",voie1,0.4576
213,1,0.8640075922012329,"[551.394287109375, 406.78131103515625, 1150.054443359375, 842.618896484375]",voie1,0.457
214,1,0.8460288643836975,"[554.931640625, 406.94134521484375, 1152.8720703125, 831.7261352539062]",voie1,0.4457
215,1,0.848545253276825,"[554.3168334960938, 405.6532897949219, 1157.79638671875, 829.5167846679688]",voie1,0.4417
216,1,0.8063428997993469,"[596.5632934570312, 406.38934326171875, 1153.030517578125, 825.004150390625]",voie1,0.4308
217,1,0.8048747181892395,"[604.41357421875, 405.361083984375, 1154.4866943359375, 825.400390625]",voie1,0.4309
218,1,0.8499312400817871,"[570.4422607421875, 402.87933349609375, 1151.303466796875, 824.9625854492188]",voie1,0.4418
219,1,0.8492881655693054,"[557.0291748046875, 400.3660583496094, 1153.264404296875, 826.9541015625]",voie1,0.4426
220,1,0.8641347289085388,"[552.4207153320312, 399.4844970703125, 1159.73291015625, 821.9616088867188]",voie1,0.3772
221,1,0.8643717765808105,"[550.3226928710938, 398.2545166015625, 1166.279541015625, 822.501953125]",voie1,0.379
223,1,0.8549373149871826,"[552.8604736328125, 396.4570617675781, 1176.3330078125, 822.618896484375]",voie1,0.3816
224,1,0.8590500950813293,"[561.906494140625, 403.72467041015625, 1178.2464599609375, 824.6686401367188]",voie1,0.3859
225,1,0.8590351343154907,"[563.9458618164062, 404.1268310546875, 1182.981689453125, 826.471923828125]",voie1,0.39
226,1,0.8586838841438293,"[562.9855346679688, 403.8377685546875, 1181.0057373046875, 823.515625]",voie1,0.3802
227,1,0.8588889837265015,"[562.3295288085938, 401.2445983886719, 1184.7626953125, 824.0917358398438]",voie1,0.3792
228,1,0.4280843436717987,"[568.5289306640625, 403.87860107421875, 1168.624755859375, 821.3721313476562]",voie1,0.3871
229,1,0.4122490882873535,"[570.75048828125, 402.797119140625, 1167.2501220703125, 821.6924438476562]",voie1,0.3867
230,1,0.8607683777809143,"[565.9405517578125, 406.47894287109375, 1178.8028564453125, 821.7647094726562]",voie1,0.409
231,1,0.8606625199317932,"[564.3978881835938, 406.4605712890625, 1187.8883056640625, 823.6619262695312]",voie1,0.4115
232,1,0.8564411401748657,"[560.6934814453125, 406.2521057128906, 1184.056884765625, 820.21923828125]",voie1,0.4074
233,1,0.856545627117157,"[560.5239868164062, 403.98199462890625, 1188.6414794921875, 820.110595703125]",voie1,0.4045
234,1,0.8544326424598694,"[575.9168090820312, 402.7007751464844, 1188.3956298828125, 809.2756958007812]",voie1,0.4068
235,1,0.8535782098770142,"[580.6759033203125, 403.0157165527344, 1192.5748291015625, 809.0829467773438]",voie1,0.4083
236,1,0.8655725121498108,"[577.6354370117188, 405.9601135253906, 1189.0269775390625, 804.5685424804688]",voie1,0.3887
237,1,0.8641005754470825,"[575.77880859375, 405.6487121582031, 1191.9281005859375, 805.4126586914062]",voie1,0.3898
238,1,0.8531126379966736,"[572.8018798828125, 407.2810363769531, 1189.7357177734375, 806.710205078125]",voie1,0.4211
239,1,0.8561171293258667,"[570.660400390625, 406.2381896972656, 1193.0277099609375, 809.9107055664062]",voie1,0.4241
240,1,0.8593817353248596,"[567.6550903320312, 410.87835693359375, 1192.5067138671875, 806.58837890625]",voie1,0.3943
241,1,0.8594090342521667,"[567.9075927734375, 410.6213073730469, 1198.5113525390625, 805.8699951171875]",voie1,0.3927
242,1,0.8671667575836182,"[564.3527221679688, 409.92822265625, 1197.73876953125, 805.0715942382812]",voie1,0.3886
243,1,0.8670634031295776,"[563.0433959960938, 408.0855407714844, 1202.2615966796875, 806.1929321289062]",voie1,0.3883
244,1,0.8663597702980042,"[561.6519775390625, 417.02398681640625, 1199.134033203125, 803.4752807617188]",voie1,0.3884
245,1,0.8664791584014893,"[562.1138305664062, 418.133056640625, 1203.8819580078125, 803.3070068359375]",voie1,0.3891
248,1,0.8622717261314392,"[565.756591796875, 419.0948181152344, 1199.6280517578125, 802.3926391601562]",voie1,0.3917
249,1,0.8625784516334534,"[567.8738403320312, 417.9611511230469, 1202.8583984375, 802.8589477539062]",voie1,0.3907
250,1,0.8630270957946777,"[567.8292236328125, 421.4005432128906, 1199.3807373046875, 801.3346557617188]",voie1,0.3921
251,1,0.8610197305679321,"[568.7359619140625, 420.62738037109375, 1204.3448486328125, 801.0214233398438]",voie1,0.3908
252,1,0.6889036297798157,"[570.6095581054688, 421.87200927734375, 1203.5950927734375, 804.2247924804688]",voie1,0.3887
253,1,0.6883454322814941,"[571.0675659179688, 420.9815368652344, 1208.1728515625, 807.3521118164062]",voie1,0.3925
256,1,0.8436161875724792,"[570.60205078125, 427.1280517578125, 1230.6859130859375, 804.81982421875]",voie1,0.3824
257,1,0.8447912335395813,"[569.277099609375, 427.25726318359375, 1236.031982421875, 805.3956298828125]",voie1,0.3836
260,1,0.5411052703857422,"[568.216796875, 437.6906433105469, 1216.3455810546875, 805.9959106445312]",voie1,0.4061
261,1,0.5420300960540771,"[567.9964599609375, 438.01177978515625, 1217.393798828125, 806.4749145507812]",voie1,0.4076
262,1,0.5984604954719543,"[564.072998046875, 432.72265625, 1222.8585205078125, 814.0850219726562]",voie1,0.4097
263,1,0.5889720320701599,"[565.2281494140625, 430.26776123046875, 1230.9912109375, 817.8856811523438]",voie1,0.4127
264,1,0.8499932289123535,"[554.595458984375, 432.9356384277344, 1241.646728515625, 812.9315185546875]",voie1,0.3987
265,1,0.8500998020172119,"[552.6524047851562, 432.9754333496094, 1253.1712646484375, 813.0151977539062]",voie1,0.399
266,1,0.5200293660163879,"[562.1934204101562, 430.5616149902344, 1246.4591064453125, 818.4397583007812]",voie1,0.418
267,1,0.478487491607666,"[574.9904174804688, 428.279296875, 1249.5921630859375, 823.0730590820312]",voie1,0.4199
268,1,0.8356314897537231,"[563.039794921875, 419.42401123046875, 1253.3873291015625, 811.133056640625]",voie1,0.4079
269,1,0.8360371589660645,"[561.1303100585938, 415.6158447265625, 1262.3939208984375, 808.6539916992188]",voie1,0.4003
270,1,0.8157885670661926,"[560.28076171875, 404.47955322265625, 1255.0845947265625, 812.372314453125]",voie1,0.3985
271,1,0.8169878125190735,"[561.4916381835938, 399.232421875, 1260.1689453125, 815.3627319335938]",voie1,0.3977
272,1,0.8212317228317261,"[557.1913452148438, 396.84979248046875, 1262.2462158203125, 807.2291870117188]",voie1,0.3845
273,1,0.8210713267326355,"[555.5074462890625, 394.9098205566406, 1269.5994873046875, 805.9283447265625]",voie1,0.3817
274,1,0.7919195890426636,"[548.75146484375, 394.712646484375, 1256.8330078125, 811.3335571289062]",voie1,0.3934
275,1,0.7791462540626526,"[549.7561645507812, 393.5809631347656, 1260.3883056640625, 815.440673828125]",voie1,0.3982
276,1,0.7906926274299622,"[551.5836181640625, 391.3054504394531, 1267.7060546875, 806.7350463867188]",voie1,0.3838
277,1,0.7901204824447632,"[554.1556396484375, 389.289794921875, 1277.5343017578125, 805.552490234375]",voie1,0.3806
278,1,0.8302382826805115,"[529.496826171875, 390.6338195800781, 1281.5633544921875, 801.7738037109375]",voie1,0.3686
279,1,0.8294270038604736,"[522.4180297851562, 390.1425476074219, 1290.80908203125, 802.3777465820312]",voie1,0.3693
280,1,0.8306601643562317,"[513.5142211914062, 387.05206298828125, 1271.595458984375, 796.6321411132812]",voie1,0.373
281,1,0.8310304880142212,"[515.4661254882812, 385.1554260253906, 1275.2763671875, 796.5253295898438]",voie1,0.3708
282,1,0.8423200249671936,"[467.9377746582031, 384.0306091308594, 1261.1478271484375, 797.6548461914062]",voie1,0.3852
283,1,0.8427196145057678,"[457.66357421875, 382.7948913574219, 1269.2813720703125, 800.3554077148438]",voie1,0.3878
284,1,0.7596697807312012,"[467.9350280761719, 382.90313720703125, 1254.2772216796875, 798.3244018554688]",voie1,0.366
285,1,0.7557581663131714,"[477.94482421875, 381.32232666015625, 1260.748046875, 799.0927124023438]",voie1,0.3659
285,2,0.7582396864891052,"[730.0156860351562, 384.1088562011719, 1255.718505859375, 813.0678100585938]",voie1,0.3889
286,1,0.8060685396194458,"[476.47906494140625, 381.6976318359375, 1251.631103515625, 803.987548828125]",voie1,0.3781
287,1,0.8026994466781616,"[484.1760559082031, 379.8123474121094, 1260.688232421875, 806.9346923828125]",voie1,0.3805
288,1,0.8360310196876526,"[456.8937683105469, 383.4206237792969, 1260.4722900390625, 800.2659301757812]",voie1,0.3727
289,1,0.8328850269317627,"[452.4495849609375, 383.6170959472656, 1272.1156005859375, 799.0660400390625]",voie1,0.3709
290,1,0.8164379000663757,"[429.33892822265625, 386.96917724609375, 1269.149658203125, 800.39306640625]",voie1,0.3759
291,1,0.8191344738006592,"[426.4864196777344, 385.41156005859375, 1279.7745361328125, 801.6029052734375]",voie1,0.3764
292,1,0.8649522662162781,"[417.7315979003906, 385.73822021484375, 1278.365234375, 799.9524536132812]",voie1,0.371
293,1,0.8637675642967224,"[419.5394287109375, 384.7348937988281, 1288.7943115234375, 800.9746704101562]",voie1,0.3698
294,1,0.8038008809089661,"[402.4563293457031, 383.31781005859375, 1284.8037109375, 814.50244140625]",voie1,0.3894
295,1,0.8034507036209106,"[397.6666259765625, 381.75189208984375, 1293.1475830078125, 821.9022827148438]",voie1,0.3983
296,1,0.7842751145362854,"[448.948486328125, 369.02069091796875, 1300.8282470703125, 828.3711547851562]",voie1,0.3821
297,1,0.7667050957679749,"[484.45379638671875, 363.00250244140625, 1315.6199951171875, 836.8086547851562]",voie1,0.3886
298,1,0.8057709336280823,"[419.873291015625, 368.6595764160156, 1320.125732421875, 837.4659423828125]",voie1,0.3975
299,1,0.8074060082435608,"[399.1653747558594, 367.3165283203125, 1331.37841796875, 838.4163208007812]",voie1,0.3978
300,1,0.8185869455337524,"[391.6670227050781, 364.6465759277344, 1337.1939697265625, 841.39208984375]",voie1,0.4047
301,1,0.8194549083709717,"[391.71539306640625, 362.9532165527344, 1348.779541015625, 844.56982421875]",voie1,0.4076
302,1,0.7494856715202332,"[384.44635009765625, 358.9937438964844, 1348.8602294921875, 828.5401000976562]",voie1,0.3778
303,1,0.7347373962402344,"[382.71051025390625, 355.790283203125, 1358.6798095703125, 823.4871826171875]",voie1,0.3674
304,1,0.8441911935806274,"[425.83868408203125, 355.1017761230469, 1359.451416015625, 833.4515991210938]",voie1,0.3948
305,1,0.8461825847625732,"[444.14788818359375, 353.0951232910156, 1369.174072265625, 838.9710083007812]",voie1,0.4007
306,1,0.8602252006530762,"[379.4933776855469, 355.5967712402344, 1377.35791015625, 852.4041748046875]",voie1,0.4125
307,1,0.8601590991020203,"[358.0462951660156, 354.46856689453125, 1389.8468017578125, 858.99609375]",voie1,0.4189
308,1,0.8562130928039551,"[351.34149169921875, 345.42144775390625, 1392.146728515625, 858.3554077148438]",voie1,0.4155
309,1,0.8566941618919373,"[350.3737487792969, 340.18524169921875, 1402.64501953125, 860.1904907226562]",voie1,0.4133
310,1,0.8468307256698608,"[336.9026184082031, 332.9023742675781, 1415.1104736328125, 857.9081420898438]",voie1,0.4026
311,1,0.8466976881027222,"[332.8373107910156, 327.06304931640625, 1430.1395263671875, 858.3257446289062]",voie1,0.3941
312,1,0.847183346748352,"[330.19525146484375, 321.14300537109375, 1486.55615234375, 861.2022705078125]",voie1,0.3735
313,1,0.8468464612960815,"[329.6048278808594, 316.8411865234375, 1517.2288818359375, 863.9765014648438]",voie1,0.3637
314,1,0.8284577131271362,"[342.50531005859375, 317.5918273925781, 1548.7706298828125, 858.8777465820312]",voie1,0.3571
315,1,0.8276605010032654,"[348.06146240234375, 315.6558837890625, 1570.7823486328125, 859.35546875]",voie1,0.3497
316,1,0.7572324872016907,"[351.4498291015625, 299.43060302734375, 1597.3328857421875, 868.0760498046875]",voie1,0.3423
317,1,0.7595567107200623,"[353.5708923339844, 291.48431396484375, 1616.1517333984375, 873.3294677734375]",voie1,0.337
318,1,0.823971688747406,"[355.087158203125, 290.3217468261719, 1490.5419921875, 892.0281372070312]",voie1,0.3913
319,1,0.8234015107154846,"[356.18243408203125, 287.4495544433594, 1448.960693359375, 900.4609375]",voie1,0.4121
320,1,0.6363152861595154,"[332.1322326660156, 282.26409912109375, 1417.9326171875, 911.4617919921875]",voie1,0.4451
321,1,0.6450406312942505,"[322.8099060058594, 280.17572021484375, 1413.3004150390625, 919.5423583984375]",voie1,0.4524
322,1,0.6809820532798767,"[319.7065734863281, 272.5853271484375, 1407.673095703125, 920.152587890625]",voie1,0.4473
323,1,0.6772439479827881,"[317.8458251953125, 267.3494873046875, 1412.6173095703125, 922.4846801757812]",voie1,0.4445
323,3,0.5967405438423157,"[1417.6715087890625, 455.5572204589844, 1828.1617431640625, 928.2435913085938]",,0.0
324,1,0.6222825050354004,"[322.7478332519531, 214.2053985595703, 1561.462158203125, 924.3473510742188]",voie1,0.3646
324,3,0.5752174854278564,"[1430.0848388671875, 433.0189514160156, 1889.9278564453125, 941.1146850585938]",,0.0
325,1,0.636233389377594,"[321.6042785644531, 199.59832763671875, 1488.6170654296875, 922.9830932617188]",voie1,0.3785
325,3,0.6580065488815308,"[1440.3798828125, 424.4287109375, 1920.0, 948.742919921875]",,0.0
326,1,0.4754319190979004,"[358.9286193847656, 215.27345275878906, 1419.99951171875, 923.376953125]",voie1,0.3944
326,3,0.7317336797714233,"[1412.849853515625, 410.96533203125, 1920.0, 956.8389282226562]",,0.0
327,1,0.5115865468978882,"[372.9867858886719, 217.01455688476562, 1399.7879638671875, 924.348876953125]",voie1,0.4048
327,3,0.7270742654800415,"[1408.679931640625, 404.2333984375, 1920.0, 960.4906616210938]",,0.0
328,1,0.694160521030426,"[340.6611022949219, 180.78175354003906, 1400.2276611328125, 935.609619140625]",voie1,0.3974
328,3,0.7624630928039551,"[1412.548828125, 321.2585144042969, 1920.0, 962.0210571289062]",,0.0
329,1,0.7132242321968079,"[330.0528259277344, 162.6934814453125, 1406.759033203125, 939.7466430664062]",voie1,0.391
329,3,0.7765093445777893,"[1421.5009765625, 292.26239013671875, 1920.0, 962.6262817382812]",,0.0
330,1,0.777438223361969,"[340.85821533203125, 156.04766845703125, 1410.218505859375, 926.2717895507812]",voie1,0.3611
330,3,0.8105471730232239,"[1430.2528076171875, 213.32142639160156, 1920.0, 962.8065795898438]",,0.0
331,1,0.7791727185249329,"[346.2215576171875, 150.89942932128906, 1417.4674072265625, 920.43603515625]",voie1,0.3538
331,3,0.8082098364830017,"[1439.365478515625, 179.30825805664062, 1920.0, 962.8251953125]",,0.0
331,4,0.7985268831253052,"[345.7725830078125, 156.1106414794922, 1864.7901611328125, 924.1893920898438]",voie1,0.254
332,1,0.8107019662857056,"[322.439697265625, 160.70730590820312, 1420.3131103515625, 912.2509765625]",voie1,0.3541
332,3,0.8496727347373962,"[1438.393798828125, 163.9960479736328, 1920.0, 962.5156860351562]",,0.0
332,4,0.652083694934845,"[329.1698303222656, 154.5289306640625, 1821.5186767578125, 929.6788330078125]",voie1,0.2675
333,1,0.8121342658996582,"[314.3048095703125, 162.82318115234375, 1425.6383056640625, 909.9697265625]",voie1,0.3515
333,3,0.8508477210998535,"[1442.1910400390625, 157.28311157226562, 1920.0, 963.3223876953125]",,0.0
333,4,0.6543377041816711,"[324.35516357421875, 152.21389770507812, 1812.96875, 932.4872436523438]",voie1,0.2703
334,1,0.8632923364639282,"[305.71368408203125, 153.3873291015625, 1418.6600341796875, 923.202880859375]",voie1,0.3585
334,3,0.8498462438583374,"[1426.8165283203125, 144.6118621826172, 1920.0, 965.0440063476562]",,0.0
334,4,0.6487621068954468,"[588.8193359375, 150.5412139892578, 1886.8402099609375, 955.8732299804688]",voie1,0.2447
335,1,0.8639209866523743,"[305.537109375, 147.95050048828125, 1420.90283203125, 927.7183837890625]",voie1,0.3588
335,3,0.848738431930542,"[1425.667724609375, 137.87966918945312, 1920.0, 964.9882202148438]",,0.0
335,4,0.6496265530586243,"[676.95458984375, 147.95513916015625, 1917.031494140625, 962.9573364257812]",voie1,0.2312
336,1,0.8759968280792236,"[316.4774475097656, 155.1786346435547, 1391.94140625, 923.1907958984375]",voie1,0.3508
336,3,0.7987587451934814,"[1395.20703125, 116.26392364501953, 1920.0, 963.7886352539062]",,0.0
336,4,0.4550657868385315,"[737.4633178710938, 126.54103088378906, 1920.0, 964.045654296875]",voie1,0.2024
337,1,0.8768285512924194,"[323.3922119140625, 156.2473602294922, 1385.126708984375, 920.7996826171875]",voie1,0.3516
337,3,0.7975400686264038,"[1388.0362548828125, 106.48780059814453, 1920.0, 962.5242919921875]",,0.0
337,4,0.4607558846473694,"[755.2501831054688, 117.1364517211914, 1920.0, 963.4762573242188]",voie1,0.1974
338,1,0.7704331874847412,"[325.89471435546875, 161.08570861816406, 1381.8101806640625, 916.3950805664062]",voie1,0.3489
338,3,0.5151476263999939,"[1377.5172119140625, 97.49152374267578, 1920.0, 961.9637451171875]",,0.0
338,4,0.579437255859375,"[707.3739013671875, 121.83878326416016, 1920.0, 960.671142578125]",voie1,0.2025
339,1,0.763978898525238,"[326.5771179199219, 162.47149658203125, 1382.351318359375, 914.721435546875]",voie1,0.3486
339,3,0.4910593628883362,"[1374.428466796875, 94.58097839355469, 1920.0, 961.7046508789062]",,0.0
339,4,0.5765461325645447,"[689.5051879882812, 123.24544525146484, 1920.0, 959.2550048828125]",voie1,0.2051
340,1,0.7688782215118408,"[310.07940673828125, 180.3751678466797, 1346.3671875, 906.895751953125]",voie1,0.3513
340,3,0.7617310285568237,"[1348.2967529296875, 96.06425476074219, 1920.0, 961.931396484375]",,0.0
340,4,0.5119196772575378,"[641.6316528320312, 133.99285888671875, 1920.0, 959.5435180664062]",voie1,0.2039
341,1,0.7660101652145386,"[307.94903564453125, 187.1371307373047, 1336.727783203125, 903.3068237304688]",voie1,0.3547
341,3,0.7618072032928467,"[1342.1182861328125, 96.93738555908203, 1920.0, 960.8114013671875]",,0.0
341,4,0.5053760409355164,"[626.1431884765625, 138.1865997314453, 1920.0, 958.4712524414062]",voie1,0.2066
342,1,0.7401963472366333,"[286.90869140625, 183.0978546142578, 1324.990478515625, 912.3912963867188]",voie1,0.3572
342,3,0.872869610786438,"[1333.155029296875, 109.40274810791016, 1920.0, 962.3394775390625]",,0.0
342,4,0.6038694381713867,"[655.5195922851562, 131.67987060546875, 1920.0, 963.1334228515625]",voie1,0.1998
343,1,0.7414117455482483,"[282.31195068359375, 183.18490600585938, 1323.0223388671875, 915.0888671875]",voie1,0.3597
343,3,0.8721303939819336,"[1332.2659912109375, 114.40473175048828, 1920.0, 962.2860717773438]",,0.0
343,4,0.6005658507347107,"[674.1533203125, 128.80859375, 1920.0, 964.2547607421875]",voie1,0.1969
344,1,0.8204996585845947,"[277.88629150390625, 169.7051544189453, 1320.09033203125, 914.2653198242188]",voie1,0.3507
344,3,0.7823678851127625,"[1329.858642578125, 120.58724212646484, 1920.0, 961.5765991210938]",voie1,0.0
344,4,0.541519045829773,"[630.7127685546875, 136.40354919433594, 1920.0, 962.6500854492188]",voie1,0.2031
345,1,0.8212595582008362,"[278.89990234375, 164.53656005859375, 1320.9805908203125, 913.2308959960938]",voie1,0.3474
345,3,0.7760370373725891,"[1331.1055908203125, 123.20691680908203, 1920.0, 961.0663452148438]",,0.0
345,4,0.5449351072311401,"[616.1427001953125, 139.05538940429688, 1920.0, 961.672607421875]",voie1,0.2053
346,3,0.7484359741210938,"[1329.317626953125, 129.91978454589844, 1920.0, 957.786376953125]",,0.0
346,4,0.6383870840072632,"[588.2000732421875, 137.46730041503906, 1920.0, 954.694580078125]",voie1,0.2031
347,3,0.7462500929832458,"[1330.965576171875, 132.56939697265625, 1920.0, 955.986328125]",,0.0
347,4,0.6374162435531616,"[579.6293334960938, 136.77407836914062, 1920.0, 951.4481201171875]",voie1,0.2025
348,4,0.6010617017745972,"[586.4619750976562, 121.53814697265625, 1920.0, 954.8324584960938]",voie1,0.1995
348,1,0.46694961190223694,"[279.76019287109375, 130.2008514404297, 1322.2197265625, 927.8065185546875]",voie1,0.3408
349,4,0.5956474542617798,"[591.3190307617188, 115.36856842041016, 1920.0, 955.842041015625]",voie1,0.1979
349,1,0.4558488130569458,"[282.6641845703125, 124.81571960449219, 1323.998291015625, 929.4994506835938]",voie1,0.3399
350,4,0.5104060173034668,"[606.2427368164062, 109.28428649902344, 1919.708251953125, 959.3401489257812]",voie1,0.1929
350,1,0.869051456451416,"[301.7239074707031, 150.72247314453125, 1327.249755859375, 917.9647827148438]",voie1,0.3357
350,3,0.8294187784194946,"[1332.0377197265625, 123.061767578125, 1920.0, 958.7583618164062]",,0.0
351,4,0.5157519578933716,"[612.5987548828125, 105.89802551269531, 1920.0, 959.3966674804688]",voie1,0.1913
351,1,0.8684372305870056,"[312.00634765625, 159.77821350097656, 1330.9287109375, 912.3999633789062]",voie1,0.3335
351,3,0.8253576159477234,"[1333.833251953125, 121.93496704101562, 1920.0, 958.5302124023438]",,0.0
352,4,0.4318387806415558,"[564.7904052734375, 87.08491516113281, 1920.0, 956.1166381835938]",voie1,0.1892
352,1,0.8565667867660522,"[287.5367126464844, 166.39625549316406, 1332.52197265625, 918.1534423828125]",voie1,0.3371
353,4,0.4337010681629181,"[548.5018310546875, 79.93429565429688, 1920.0, 954.47607421875]",voie1,0.1886
353,1,0.8559208512306213,"[281.5760803222656, 168.62542724609375, 1335.1087646484375, 920.0006103515625]",voie1,0.3387
354,1,0.8861188292503357,"[269.0469970703125, 171.418701171875, 1323.5113525390625, 929.7579956054688]",voie1,0.35
354,3,0.5367165207862854,"[1322.4285888671875, 63.35974884033203, 1918.94140625, 955.5859375]",,0.0
355,1,0.8866151571273804,"[265.7308044433594, 171.71905517578125, 1321.037353515625, 932.711669921875]",voie1,0.3533
355,3,0.5354596376419067,"[1321.9075927734375, 54.566654205322266, 1919.7666015625, 954.99072265625]",,0.0
356,1,0.88704913854599,"[256.09454345703125, 173.88833618164062, 1307.2012939453125, 936.089111328125]",voie1,0.3506
356,4,0.5825117230415344,"[571.0079345703125, 138.1321563720703, 1919.8658447265625, 961.9586181640625]",voie1,0.193
357,1,0.887094259262085,"[254.41497802734375, 173.982421875, 1304.0648193359375, 936.519775390625]",voie1,0.3518
357,4,0.5842613577842712,"[576.5931396484375, 148.01901245117188, 1920.0, 962.5986938476562]",voie1,0.1947
358,1,0.8895681500434875,"[247.8473358154297, 171.94256591796875, 1303.04833984375, 942.3407592773438]",voie1,0.3535
358,4,0.6415082812309265,"[356.9100341796875, 164.4435272216797, 1860.987548828125, 951.2384643554688]",voie1,0.224
359,1,0.8896231651306152,"[247.5612335205078, 170.70460510253906, 1304.2557373046875, 944.0587768554688]",voie1,0.354
359,4,0.6396549344062805,"[279.9092712402344, 169.9141082763672, 1840.4163818359375, 946.86181640625]",voie1,0.2334
360,1,0.8855084776878357,"[231.05369567871094, 171.7115478515625, 1258.6910400390625, 944.1334228515625]",voie1,0.3558
360,4,0.7559091448783875,"[238.7140655517578, 172.05003356933594, 1879.7066650390625, 945.469970703125]",voie1,0.2219
360,3,0.8677641749382019,"[1251.865478515625, 129.3717498779297, 1919.539794921875, 958.3563232421875]",,0.0
361,1,0.8856311440467834,"[227.3137664794922, 171.6912841796875, 1242.906494140625, 943.552978515625]",voie1,0.3592
361,4,0.759729266166687,"[225.84701538085938, 172.22413635253906, 1893.091064453125, 944.6729736328125]",voie1,0.2209
361,3,0.8709650039672852,"[1246.381103515625, 137.29356384277344, 1920.0, 959.031982421875]",voie1,0.0007
362,1,0.87375807762146,"[231.86683654785156, 177.0872039794922, 1240.340087890625, 946.1136474609375]",voie1,0.3646
362,4,0.6302377581596375,"[221.84864807128906, 170.75042724609375, 1885.7469482421875, 948.2579345703125]",voie1,0.2229
362,3,0.8773011565208435,"[1245.2744140625, 161.09695434570312, 1919.37890625, 959.768310546875]",,0.0
363,1,0.8729520440101624,"[234.82217407226562, 179.24972534179688, 1240.643798828125, 946.7747802734375]",voie1,0.3661
363,4,0.6312577128410339,"[222.44117736816406, 169.83119201660156, 1881.2032470703125, 949.3480834960938]",voie1,0.2237
363,3,0.8762789368629456,"[1245.997802734375, 169.76162719726562, 1919.9581298828125, 959.8157958984375]",,0.0
364,1,0.8682834506034851,"[233.6082000732422, 180.1481475830078, 1229.1070556640625, 946.8665771484375]",voie1,0.3674
364,4,0.6871711015701294,"[224.8986053466797, 165.53744506835938, 1830.7474365234375, 950.362548828125]",voie1,0.2286
364,3,0.8480890989303589,"[1234.689453125, 153.7047576904297, 1917.4874267578125, 956.9518432617188]",voie1,0.0001
365,1,0.867893636226654,"[234.6026611328125, 179.71632385253906, 1226.424072265625, 946.5415649414062]",voie1,0.3669
365,4,0.684408962726593,"[228.32252502441406, 163.08360290527344, 1808.2169189453125, 950.6207275390625]",voie1,0.2309
365,3,0.8483872413635254,"[1231.9903564453125, 147.1053009033203, 1918.0262451171875, 955.6343383789062]",voie1,0.0015
366,1,0.8797958493232727,"[229.2190399169922, 176.6378173828125, 1224.5318603515625, 947.147705078125]",voie1,0.3599
366,4,0.781380295753479,"[222.16412353515625, 166.40293884277344, 1707.0511474609375, 946.2050170898438]",voie1,0.2413
366,3,0.7621868848800659,"[1234.275390625, 107.2532730102539, 1917.93408203125, 956.5945434570312]",,0.0
367,1,0.8799893260002136,"[228.43106079101562, 174.71945190429688, 1225.646728515625, 946.5619506835938]",voie1,0.3586
367,4,0.7807179093360901,"[222.027587890625, 166.93226623535156, 1673.720703125, 943.8070678710938]",voie1,0.2457
367,3,0.7644495964050293,"[1236.7694091796875, 91.5422592163086, 1919.7713623046875, 956.2875366210938]",,0.0
368,1,0.8611351847648621,"[221.73915100097656, 172.5758514404297, 1226.6881103515625, 951.5448608398438]",voie1,0.3594
368,4,0.536123514175415,"[380.00018310546875, 192.1562042236328, 1832.1571044921875, 955.10107421875]",voie1,0.2182
368,3,0.8535264134407043,"[1235.8114013671875, 171.94802856445312, 1918.4033203125, 957.9171142578125]",,0.0
369,1,0.8601776957511902,"[220.8529815673828, 171.2182159423828, 1228.3973388671875, 952.9503784179688]",voie1,0.36
369,4,0.5388936400413513,"[439.5583801269531, 200.99456787109375, 1891.81494140625, 958.9109497070312]",voie1,0.207
369,3,0.8518823385238647,"[1236.9222412109375, 203.71714782714844, 1918.8055419921875, 958.292724609375]",,0.0
370,1,0.8336389660835266,"[222.6754150390625, 175.79762268066406, 1225.4449462890625, 952.35302734375]",voie1,0.3615
370,4,0.7208506464958191,"[456.35015869140625, 189.93606567382812, 1913.48486328125, 956.1015014648438]",voie1,0.1969
370,3,0.7260653972625732,"[1236.34228515625, 198.12855529785156, 1918.7503662109375, 960.1757202148438]",,0.0
371,1,0.8333888649940491,"[223.7386016845703, 177.11044311523438, 1224.9215087890625, 951.6278686523438]",voie1,0.3615
371,4,0.7240087985992432,"[462.6228942871094, 185.08242797851562, 1920.0, 954.7739868164062]",voie1,0.1935
371,3,0.7268751263618469,"[1236.6474609375, 195.4735565185547, 1919.14990234375, 960.5076904296875]",,0.0
372,1,0.8727205991744995,"[218.86550903320312, 178.90113830566406, 1231.2012939453125, 956.1607055664062]",voie1,0.3653
372,4,0.729433000087738,"[463.2919006347656, 164.98910522460938, 1920.0, 955.7096557617188]",voie1,0.1888
372,3,0.8066899180412292,"[1238.357177734375, 169.78280639648438, 1918.3006591796875, 961.7343139648438]",,0.0
373,1,0.8712782859802246,"[217.8339080810547, 178.71739196777344, 1234.8687744140625, 957.666748046875]",voie1,0.3651
373,4,0.7326730489730835,"[464.2561950683594, 156.41700744628906, 1920.0, 956.1640625]",voie1,0.1869
373,3,0.8122660517692566,"[1240.5968017578125, 159.71156311035156, 1919.3951416015625, 962.240234375]",,0.0
374,1,0.8456087708473206,"[225.87557983398438, 177.51608276367188, 1232.793212890625, 956.5374755859375]",voie1,0.3633
374,4,0.6522341966629028,"[312.67626953125, 157.2866668701172, 1870.669921875, 955.7625122070312]",voie1,0.2087
374,3,0.8622159957885742,"[1241.3226318359375, 143.573974609375, 1919.6468505859375, 961.1409301757812]",,0.0
375,1,0.8465918898582458,"[229.67791748046875, 177.22509765625, 1232.68994140625, 956.02880859375]",voie1,0.3629
375,4,0.6500855088233948,"[257.28875732421875, 157.87257385253906, 1849.304443359375, 955.5914306640625]",voie1,0.2167
375,3,0.8603635430335999,"[1242.26123046875, 137.38787841796875, 1920.0, 960.6566162109375]",,0.0
375,5,0.40977856516838074,"[674.7174072265625, 137.24984741210938, 1919.9998779296875, 975.7554931640625]",voie1,0.1611
376,1,0.8328297734260559,"[230.25527954101562, 176.5340576171875, 1233.858154296875, 957.2852172851562]",voie1,0.362
376,4,0.8614532947540283,"[236.32400512695312, 161.13783264160156, 1894.4942626953125, 954.1326293945312]",voie1,0.212
376,3,0.7804223299026489,"[1240.88671875, 142.66061401367188, 1919.6396484375, 961.089599609375]",,0.0
377,1,0.8317463994026184,"[230.29530334472656, 175.90219116210938, 1234.7425537109375, 957.6746215820312]",voie1,0.3616
377,4,0.860302209854126,"[228.56040954589844, 162.01100158691406, 1912.6148681640625, 953.5665893554688]",voie1,0.2103
377,3,0.78178471326828,"[1241.039306640625, 144.25875854492188, 1920.0, 961.20703125]",,0.0
378,1,0.7761886715888977,"[229.92532348632812, 169.01126098632812, 1335.953857421875, 957.34423828125]",voie1,0.3244
378,4,0.8269079327583313,"[220.37120056152344, 165.4727325439453, 1918.91943359375, 949.9263305664062]",voie1,0.2087
378,3,0.6401717662811279,"[1241.53857421875, 141.1590576171875, 1919.503662109375, 960.7401733398438]",,0.0
379,1,0.7782076597213745,"[230.05213928222656, 166.214599609375, 1377.297607421875, 957.135986328125]",voie1,0.3115
379,4,0.8280110359191895,"[217.9775390625, 166.55523681640625, 1920.0, 948.4632568359375]",voie1,0.2084
379,3,0.6430134177207947,"[1242.251708984375, 139.79344177246094, 1919.86474609375, 960.5]",,0.0
380,1,0.7027849555015564,"[230.32200622558594, 174.79229736328125, 1289.699951171875, 955.4998168945312]",voie1,0.3398
380,4,0.6805850267410278,"[317.3746643066406, 146.9371337890625, 1920.0, 949.7189331054688]",voie1,0.1953
380,3,0.8221502900123596,"[1240.412841796875, 135.33270263671875, 1919.038330078125, 961.5403442382812]",,0.0
381,1,0.7127130627632141,"[230.97091674804688, 177.71783447265625, 1253.7523193359375, 954.9098510742188]",voie1,0.3526
381,4,0.6796673536300659,"[357.61962890625, 139.2577667236328, 1920.0, 950.2928466796875]",voie1,0.1899
381,3,0.8232324719429016,"[1240.4847412109375, 133.47039794921875, 1919.5201416015625, 962.023193359375]",,0.0
382,1,0.863050639629364,"[229.096923828125, 177.02801513671875, 1229.8870849609375, 955.8966674804688]",voie1,0.3602
382,4,0.5384928584098816,"[419.3264465332031, 138.85301208496094, 1920.0, 953.5908203125]",voie1,0.1843
382,3,0.8183913826942444,"[1233.6624755859375, 139.65847778320312, 1919.3629150390625, 961.655517578125]",,0.0
383,1,0.8631517887115479,"[228.65509033203125, 176.68832397460938, 1221.3690185546875, 956.4231567382812]",voie1,0.3617
383,4,0.535847544670105,"[442.9597473144531, 138.931396484375, 1920.0, 955.2490234375]",voie1,0.1825
383,3,0.8239105939865112,"[1231.4683837890625, 142.60665893554688, 1919.527587890625, 961.6875]",,0.0
384,1,0.8599090576171875,"[219.89402770996094, 170.6082763671875, 1219.09228515625, 956.4385986328125]",voie1,0.3593
384,4,0.6715276837348938,"[440.1529846191406, 134.1680450439453, 1920.0, 955.5865478515625]",voie1,0.1822
384,3,0.8448671102523804,"[1233.315673828125, 129.92356872558594, 1919.960205078125, 960.665283203125]",,0.0
385,1,0.8618038892745972,"[216.8751678466797, 168.0761260986328, 1218.3726806640625, 956.2830810546875]",voie1,0.358
385,4,0.6668810844421387,"[438.9730224609375, 132.1025390625, 1920.0, 955.8114624023438]",voie1,0.1819
385,3,0.8479163646697998,"[1234.302978515625, 124.6790771484375, 1920.0, 960.2552490234375]",,0.0
386,1,0.8279487490653992,"[217.77679443359375, 173.74505615234375, 1223.9398193359375, 953.2182006835938]",voie1,0.3579
386,4,0.5856790542602539,"[290.7237548828125, 147.8104705810547, 1879.1588134765625, 952.66845703125]",voie1,0.2039
386,3,0.7672279477119446,"[1237.83154296875, 131.30662536621094, 1919.4586181640625, 960.7031860351562]",,0.0
386,5,0.5322225093841553,"[611.44921875, 136.95599365234375, 1919.9571533203125, 975.7517700195312]",voie1,0.1691
387,1,0.830925464630127,"[218.20333862304688, 175.88543701171875, 1226.473388671875, 952.4236450195312]",voie1,0.3582
387,4,0.582238495349884,"[236.2957000732422, 153.85885620117188, 1855.0911865234375, 951.9487915039062]",voie1,0.213
387,3,0.770400881767273,"[1239.6126708984375, 133.86312866210938, 1919.70556640625, 961.22119140625]",,0.0
387,5,0.5319443345069885,"[613.716064453125, 136.76470947265625, 1920.0, 975.8497924804688]",voie1,0.1688
388,1,0.8904182314872742,"[223.22267150878906, 176.68006896972656, 1226.34619140625, 955.6010131835938]",voie1,0.3637
388,3,0.8608183860778809,"[1234.344482421875, 131.635498046875, 1919.9119873046875, 962.1200561523438]",,0.0
388,5,0.6012226343154907,"[504.4461975097656, 137.1035614013672, 1920.0, 964.029541015625]",voie1,0.1801
389,1,0.890572726726532,"[225.09434509277344, 176.66586303710938, 1226.5281982421875, 956.7667846679688]",voie1,0.3647
389,3,0.8615382313728333,"[1232.5904541015625, 130.6783905029297, 1920.0, 962.4879150390625]",,0.0
389,5,0.6021783351898193,"[464.3923645019531, 136.97323608398438, 1920.0, 959.5927124023438]",voie1,0.183
390,1,0.8561171889305115,"[219.6642608642578, 174.36383056640625, 1227.55078125, 952.0341186523438]",voie1,0.3575
390,3,0.8445388674736023,"[1238.645263671875, 128.12815856933594, 1919.9493408203125, 962.7476196289062]",,0.0
390,4,0.7160689830780029,"[206.86302185058594, 154.57275390625, 1756.7509765625, 950.5025634765625]",voie1,0.2288
391,1,0.8572205901145935,"[217.7711181640625, 173.52468872070312, 1228.1431884765625, 950.291748046875]",voie1,0.3555
391,3,0.8455539345741272,"[1241.0592041015625, 127.04054260253906, 1920.0, 962.8833618164062]",,0.0
391,4,0.7206056118011475,"[204.86656188964844, 154.51199340820312, 1742.0, 950.2872924804688]",voie1,0.231
392,1,0.8660756945610046,"[218.64657592773438, 173.86288452148438, 1230.1455078125, 949.1155395507812]",voie1,0.3551
392,3,0.8924540281295776,"[1241.41943359375, 131.80189514160156, 1920.0, 962.95263671875]",,0.0
392,4,0.7746071219444275,"[206.5442657470703, 155.49368286132812, 1733.203369140625, 950.5950927734375]",voie1,0.2334
393,1,0.8666862845420837,"[219.00607299804688, 173.85855102539062, 1230.94482421875, 948.5664672851562]",voie1,0.3544
393,3,0.8921068906784058,"[1241.638671875, 133.58831787109375, 1920.0, 962.9337768554688]",,0.0
393,4,0.7758042216300964,"[207.4463348388672, 155.64805603027344, 1728.1466064453125, 950.6400146484375]",voie1,0.2342
394,1,0.8725793361663818,"[217.95773315429688, 173.37132263183594, 1230.7783203125, 948.5493774414062]",voie1,0.3539
394,3,0.8968591690063477,"[1240.697021484375, 138.07127380371094, 1919.65771484375, 962.4495849609375]",,0.0
395,1,0.8714256882667542,"[217.2293701171875, 172.88990783691406, 1230.8497314453125, 948.5989379882812]",voie1,0.3537
395,3,0.8965436816215515,"[1240.501708984375, 139.5253448486328, 1919.79931640625, 962.3199462890625]",,0.0
396,1,0.8840470314025879,"[220.77735900878906, 172.2799835205078, 1226.9691162109375, 953.1893920898438]",voie1,0.3584
396,3,0.8895659446716309,"[1234.4239501953125, 128.5536346435547, 1920.0, 963.2882690429688]",,0.0
396,5,0.5149866342544556,"[452.3583068847656, 129.79144287109375, 1916.7572021484375, 966.1192626953125]",voie1,0.1852
397,1,0.8841734528541565,"[222.97943115234375, 171.6228790283203, 1225.43994140625, 954.6965942382812]",voie1,0.3594
397,3,0.8902750015258789,"[1232.1468505859375, 123.63211822509766, 1920.0, 963.419189453125]",,0.0
397,5,0.5117253065109253,"[453.82489013671875, 129.2203369140625, 1917.4896240234375, 966.7041015625]",voie1,0.185
398,1,0.885613203048706,"[222.59173583984375, 175.0420379638672, 1225.6214599609375, 955.4190673828125]",voie1,0.362
398,3,0.8376491665840149,"[1231.7479248046875, 114.384521484375, 1920.0, 962.9197387695312]",,0.0
398,5,0.5553460717201233,"[450.7514343261719, 130.6502685546875, 1917.68603515625, 964.5626831054688]",voie1,0.1848
399,1,0.8858717083930969,"[222.35403442382812, 176.3300323486328, 1225.6683349609375, 955.8524780273438]",voie1,0.3629
399,3,0.8367434144020081,"[1231.48583984375, 111.06941223144531, 1920.0, 962.8637084960938]",,0.0
399,5,0.5541161298751831,"[449.6806945800781, 131.357421875, 1917.8958740234375, 963.838623046875]",voie1,0.1848
400,1,0.8440485000610352,"[221.8075408935547, 175.95982360839844, 1229.958740234375, 951.75]",voie1,0.3579
400,3,0.688632071018219,"[1238.3856201171875, 117.16836547851562, 1920.0, 962.6441040039062]",,0.0
400,4,0.8166722059249878,"[210.5718994140625, 157.47010803222656, 1842.3858642578125, 950.2333984375]",voie1,0.2176
401,1,0.8435806632041931,"[220.8004608154297, 175.46739196777344, 1231.0784912109375, 950.2210693359375]",voie1,0.3559
401,3,0.6873418092727661,"[1240.657470703125, 118.9915542602539, 1919.882080078125, 962.90380859375]",,0.0
401,4,0.8189822435379028,"[211.51571655273438, 157.27877807617188, 1853.9696044921875, 950.0457763671875]",voie1,0.2158
402,1,0.8128183484077454,"[212.30751037597656, 174.01632690429688, 1226.867431640625, 953.0913696289062]",voie1,0.3583
402,4,0.8410021662712097,"[200.70584106445312, 158.740234375, 1899.2623291015625, 950.6613159179688]",voie1,0.2111
403,1,0.8134250044822693,"[208.633056640625, 173.1613006591797, 1225.0791015625, 954.1094970703125]",voie1,0.3587
403,4,0.840059220790863,"[196.39877319335938, 158.9697265625, 1916.212646484375, 950.822509765625]",voie1,0.2095
404,1,0.44149354100227356,"[205.69210815429688, 173.71490478515625, 1250.2388916015625, 948.757080078125]",voie1,0.3477
404,5,0.6818860173225403,"[395.7220153808594, 134.45497131347656, 1917.289794921875, 969.0415649414062]",voie1,0.1937
405,1,0.44198086857795715,"[204.9221649169922, 174.3482208251953, 1259.247802734375, 947.1015014648438]",voie1,0.3436
405,5,0.6832785606384277,"[391.1211242675781, 134.93191528320312, 1917.4921875, 969.8074951171875]",voie1,0.1946
406,1,0.7609933614730835,"[202.1727752685547, 175.452392578125, 1239.673828125, 950.45068359375]",voie1,0.3541
406,5,0.6104480028152466,"[416.8440246582031, 135.6390838623047, 1918.669921875, 978.8824462890625]",voie1,0.196
406,3,0.6566312909126282,"[1239.887451171875, 133.28958129882812, 1919.6490478515625, 962.371337890625]",,0.0
407,1,0.7618045210838318,"[201.57150268554688, 175.801513671875, 1231.99755859375, 951.4259643554688]",voie1,0.3577
407,5,0.6124587655067444,"[426.3017578125, 135.5767059326172, 1919.054931640625, 981.9301147460938]",voie1,0.1961
407,3,0.6565471291542053,"[1239.677490234375, 134.50442504882812, 1919.5799560546875, 962.3339233398438]",,0.0
408,1,0.850980281829834,"[199.41893005371094, 173.93948364257812, 1228.91162109375, 953.4547119140625]",voie1,0.3576
408,5,0.5496407151222229,"[445.1379699707031, 133.0327911376953, 1919.21728515625, 976.9226684570312]",voie1,0.1903
408,3,0.7371009588241577,"[1241.5198974609375, 117.24456787109375, 1919.8140869140625, 962.7670288085938]",,0.0
409,1,0.8501170873641968,"[198.30050659179688, 172.78811645507812, 1227.6212158203125, 954.1428833007812]",voie1,0.3581
409,5,0.5539183616638184,"[451.9874267578125, 131.61422729492188, 1919.3677978515625, 975.1876831054688]",voie1,0.1885
409,3,0.7342670559883118,"[1242.3211669921875, 110.68832397460938, 1919.9378662109375, 963.10498046875]",,0.0
410,1,0.8238279223442078,"[203.7290496826172, 176.2430419921875, 1231.849853515625, 953.686767578125]",voie1,0.3582
410,3,0.42581653594970703,"[1242.5267333984375, 129.22433471679688, 1919.8551025390625, 962.6114501953125]",,0.0
410,4,0.7473424673080444,"[195.94700622558594, 157.54017639160156, 1914.5335693359375, 951.0962524414062]",voie1,0.2096
411,1,0.8213995099067688,"[204.55813598632812, 177.48805236816406, 1233.1822509765625, 953.719482421875]",voie1,0.3585
411,3,0.43341800570487976,"[1242.228759765625, 136.48880004882812, 1919.7313232421875, 962.6525268554688]",,0.0
411,4,0.74579256772995,"[195.3566131591797, 157.26101684570312, 1914.1337890625, 951.1466674804688]",voie1,0.2097
412,1,0.8823953866958618,"[219.45269775390625, 176.82774353027344, 1229.227294921875, 959.6987915039062]",voie1,0.3649
412,3,0.712343692779541,"[1232.3260498046875, 142.0230255126953, 1919.833984375, 960.61181640625]",,0.0
412,5,0.5053879618644714,"[471.1346435546875, 143.421875, 1919.828857421875, 957.4165649414062]",voie1,0.182
413,1,0.8819771409034729,"[224.46900939941406, 176.52548217773438, 1227.5648193359375, 962.0641479492188]",voie1,0.3674
413,3,0.7095115780830383,"[1228.2696533203125, 144.0137176513672, 1919.783203125, 959.8861083984375]",,0.0
413,5,0.5044698119163513,"[473.2674560546875, 145.6353759765625, 1919.980224609375, 954.6056518554688]",voie1,0.1811
414,1,0.9053501486778259,"[224.6025390625, 175.45394897460938, 1227.3585205078125, 958.9981689453125]",voie1,0.3639
414,3,0.7286676168441772,"[1227.722900390625, 139.4967498779297, 1918.4268798828125, 961.9868774414062]",,0.0
414,5,0.5137444138526917,"[447.3981018066406, 140.81753540039062, 1920.0, 959.3038940429688]",voie1,0.1847
415,1,0.9071905612945557,"[223.852783203125, 174.93804931640625, 1226.9158935546875, 957.8497314453125]",voie1,0.3628
415,3,0.71677565574646,"[1227.1663818359375, 137.75929260253906, 1917.511962890625, 962.84326171875]",,0.0
415,5,0.521977424621582,"[437.54888916015625, 138.9606475830078, 1920.0, 960.9412231445312]",voie1,0.186
416,1,0.8665003180503845,"[227.25592041015625, 175.64170837402344, 1231.0423583984375, 963.35595703125]",voie1,0.3671
416,3,0.7591962814331055,"[1228.8948974609375, 149.36151123046875, 1917.5469970703125, 964.51123046875]",,0.0
416,5,0.5540133714675903,"[442.5986633300781, 145.764892578125, 1920.0, 964.0171508789062]",voie1,0.1887
417,1,0.8677541613578796,"[228.07066345214844, 175.92718505859375, 1232.0252685546875, 965.52490234375]",voie1,0.3685
417,3,0.7625760436058044,"[1229.118896484375, 154.47756958007812, 1917.104736328125, 965.3684692382812]",,0.0
417,5,0.5524214506149292,"[444.2416687011719, 148.73007202148438, 1920.0, 965.36376953125]",voie1,0.1898
418,1,0.8196775317192078,"[206.53488159179688, 177.30166625976562, 1230.764404296875, 959.3811645507812]",voie1,0.3668
418,3,0.8407551646232605,"[1236.9525146484375, 148.40077209472656, 1918.247802734375, 963.217529296875]",,0.0
418,5,0.6442365050315857,"[421.25592041015625, 144.63743591308594, 1919.8411865234375, 958.1622314453125]",voie1,0.1895
418,4,0.4832037389278412,"[195.0047149658203, 174.4720458984375, 1686.3570556640625, 960.3184814453125]",voie1,0.2544
419,1,0.8203364014625549,"[198.2359619140625, 177.77561950683594, 1230.2735595703125, 957.36474609375]",voie1,0.3656
419,3,0.8360323309898376,"[1239.9810791015625, 145.55322265625, 1918.8656005859375, 962.7692260742188]",,0.0
419,5,0.6474611759185791,"[411.7088317871094, 142.723388671875, 1919.9073486328125, 955.7991333007812]",voie1,0.1891
419,4,0.4822334945201874,"[194.62945556640625, 175.5637664794922, 1673.1484375, 961.0608520507812]",voie1,0.2575
420,1,0.8008595108985901,"[196.97181701660156, 173.7040557861328, 1229.154541015625, 959.816650390625]",voie1,0.3658
420,3,0.8616514205932617,"[1241.0355224609375, 154.41639709472656, 1919.648193359375, 963.3267211914062]",,0.0
420,5,0.648009181022644,"[413.8880310058594, 148.13511657714844, 1920.0, 958.0759887695312]",voie1,0.191
421,1,0.8000818490982056,"[196.47525024414062, 172.57208251953125, 1228.7255859375, 960.9405517578125]",voie1,0.3663
421,3,0.8610872626304626,"[1241.26953125, 157.74072265625, 1919.873046875, 963.5702514648438]",,0.0
421,5,0.6457301378250122,"[414.501953125, 150.2845001220703, 1919.969970703125, 959.0535888671875]",voie1,0.1918
422,1,0.8505691289901733,"[216.7248992919922, 173.95318603515625, 1230.215087890625, 958.9450073242188]",voie1,0.3642
422,3,0.8784258961677551,"[1242.4581298828125, 149.16122436523438, 1920.0, 962.5875854492188]",,0.0
422,5,0.6451396942138672,"[417.3071594238281, 146.235595703125, 1920.0, 956.5894165039062]",voie1,0.1892
423,1,0.8498977422714233,"[223.50408935546875, 174.6623077392578, 1230.343017578125, 958.2640991210938]",voie1,0.3639
423,3,0.8782782554626465,"[1242.4051513671875, 145.87200927734375, 1919.8426513671875, 962.3161010742188]",,0.0
423,5,0.6479297876358032,"[416.84033203125, 144.70068359375, 1920.0, 955.8185424804688]",voie1,0.1885
424,1,0.8671067953109741,"[230.39256286621094, 176.43109130859375, 1230.866455078125, 957.603271484375]",voie1,0.3643
424,3,0.8878296613693237,"[1242.627685546875, 147.6450958251953, 1919.8876953125, 962.4532470703125]",,0.0
424,4,0.6755478382110596,"[227.48487854003906, 162.62161254882812, 1643.616455078125, 958.3572387695312]",voie1,0.2541
425,1,0.8669136166572571,"[232.53497314453125, 177.0823211669922, 1230.912109375, 957.3717041015625]",voie1,0.3645
425,3,0.8870447278022766,"[1242.5494384765625, 148.31381225585938, 1919.7669677734375, 962.5489501953125]",,0.0
425,5,0.6747907400131226,"[411.27398681640625, 146.1405792236328, 1919.7681884765625, 956.7963256835938]",voie1,0.1902
426,1,0.8410748243331909,"[228.74996948242188, 178.9273223876953, 1231.1339111328125, 956.3793334960938]",voie1,0.3637
426,3,0.8898427486419678,"[1243.128662109375, 146.2482452392578, 1919.9852294921875, 962.5045166015625]",,0.0
426,5,0.6690104007720947,"[415.8005676269531, 143.58480834960938, 1919.7080078125, 955.6055297851562]",voie1,0.1882
427,1,0.8414443731307983,"[226.88584899902344, 179.73028564453125, 1231.0301513671875, 956.0731811523438]",voie1,0.3639
427,3,0.8890539407730103,"[1243.1876220703125, 145.74546813964844, 1919.8477783203125, 962.6351318359375]",,0.0
427,5,0.6691286563873291,"[416.4405212402344, 142.9903564453125, 1919.498046875, 955.31884765625]",voie1,0.1879
428,1,0.7658630013465881,"[229.60955810546875, 179.58502197265625, 1236.6842041015625, 956.4699096679688]",voie1,0.3615
428,3,0.8636700510978699,"[1244.4715576171875, 127.39160919189453, 1920.0, 962.5269165039062]",,0.0
428,5,0.6464385390281677,"[378.5458984375, 139.96910095214844, 1919.769287109375, 953.2720947265625]",voie1,0.1898
429,1,0.7692059874534607,"[229.96844482421875, 180.00843811035156, 1238.26220703125, 956.723876953125]",voie1,0.3613
429,3,0.8638668060302734,"[1244.5186767578125, 120.78881072998047, 1919.8294677734375, 962.607177734375]",,0.0
429,5,0.645366370677948,"[364.9542541503906, 139.12049865722656, 1919.5552978515625, 952.6476440429688]",voie1,0.1907
430,1,0.7297670245170593,"[228.0290985107422, 176.40724182128906, 1239.354736328125, 955.4391479492188]",voie1,0.3584
430,3,0.7366167306900024,"[1244.242919921875, 136.9650421142578, 1919.84814453125, 961.5653076171875]",,0.0
430,5,0.7660180926322937,"[270.84039306640625, 159.23143005371094, 1919.6549072265625, 949.5484619140625]",voie1,0.2031
431,1,0.731880247592926,"[226.6920166015625, 175.03326416015625, 1238.8514404296875, 955.0493774414062]",voie1,0.3577
431,3,0.7442324757575989,"[1243.82275390625, 143.1427001953125, 1919.717041015625, 961.170654296875]",,0.0
431,5,0.7588915228843689,"[234.80299377441406, 166.8650360107422, 1919.56201171875, 948.4360961914062]",voie1,0.2077
432,1,0.808417558670044,"[227.56797790527344, 175.818115234375, 1234.452880859375, 953.4918212890625]",voie1,0.358
432,3,0.7081620097160339,"[1242.8814697265625, 146.33633422851562, 1920.0, 961.8689575195312]",,0.0
432,5,0.6950303912162781,"[223.16419982910156, 169.01614379882812, 1919.970947265625, 946.9542846679688]",voie1,0.2083
433,1,0.8149258494377136,"[227.42579650878906, 175.7825469970703, 1232.217529296875, 952.8578491210938]",voie1,0.3582
433,3,0.7081707715988159,"[1242.087890625, 147.23118591308594, 1919.7327880859375, 962.0741577148438]",,0.0
433,5,0.6683163046836853,"[218.6654510498047, 169.37940979003906, 1919.711181640625, 946.4549560546875]",voie1,0.2086
434,1,0.8387831449508667,"[230.48406982421875, 174.343017578125, 1232.567626953125, 953.2431640625]",voie1,0.3571
434,3,0.8379308581352234,"[1242.26953125, 147.1560821533203, 1919.474853515625, 961.8268432617188]",,0.0
434,5,0.6231009364128113,"[221.77777099609375, 171.252197265625, 1872.446044921875, 953.732666015625]",voie1,0.2181
435,1,0.8389496207237244,"[231.41586303710938, 174.06625366210938, 1232.8236083984375, 953.6220092773438]",voie1,0.3572
435,3,0.8385321497917175,"[1242.3826904296875, 147.49610900878906, 1919.465576171875, 961.9274291992188]",,0.0
435,5,0.6205371022224426,"[223.5519256591797, 172.147216796875, 1855.16015625, 956.6541748046875]",voie1,0.222
436,1,0.881353497505188,"[232.85543823242188, 171.64764404296875, 1224.3509521484375, 954.9912109375]",voie1,0.3589
436,3,0.9137640595436096,"[1236.4151611328125, 146.08486938476562, 1919.8255615234375, 962.2565307617188]",,0.0
436,5,0.6209110021591187,"[369.7847595214844, 152.32530212402344, 1895.9739990234375, 959.1827392578125]",voie1,0.1985
437,1,0.881550669670105,"[233.1021270751953, 170.66439819335938, 1220.949462890625, 955.4907836914062]",voie1,0.3589
437,3,0.9137484431266785,"[1233.9552001953125, 145.55474853515625, 1919.8175048828125, 962.3341064453125]",,0.0
437,5,0.6190308928489685,"[425.0111389160156, 144.67120361328125, 1911.7745361328125, 959.939453125]",voie1,0.1891
