frame,time_s,voie,occupied,train_track_ids
0,0.000,voie1,0,
0,0.000,voie2,0,
0,0.000,voie3,0,
0,0.000,voie4,0,
0,0.000,voie5,0,
0,0.000,voie6,0,
1,0.033,voie1,0,
1,0.033,voie2,0,
1,0.033,voie3,0,
1,0.033,voie4,0,
1,0.033,voie5,0,
1,0.033,voie6,0,
2,0.067,voie1,0,
2,0.067,voie2,0,
2,0.067,voie3,0,
2,0.067,voie4,0,
2,0.067,voie5,0,
2,0.067,voie6,0,
3,0.100,voie1,0,
3,0.100,voie2,0,
3,0.100,voie3,0,
3,0.100,voie4,0,
3,0.100,voie5,0,
3,0.100,voie6,0,
4,0.133,voie1,0,
4,0.133,voie2,0,
4,0.133,voie3,0,
4,0.133,voie4,0,
4,0.133,voie5,0,
4,0.133,voie6,0,
5,0.167,voie1,0,
5,0.167,voie2,0,
5,0.167,voie3,0,
5,0.167,voie4,0,
5,0.167,voie5,0,
5,0.167,voie6,0,
6,0.200,voie1,0,
6,0.200,voie2,0,
6,0.200,voie3,0,
6,0.200,voie4,0,
6,0.200,voie5,0,
6,0.200,voie6,0,
7,0.233,voie1,0,
7,0.233,voie2,0,
7,0.233,voie3,0,
7,0.233,voie4,0,
7,0.233,voie5,0,
7,0.233,voie6,0,
8,0.267,voie1,0,
8,0.267,voie2,0,
8,0.267,voie3,0,
8,0.267,voie4,0,
8,0.267,voie5,0,
8,0.267,voie6,0,
9,0.300,voie1,0,
9,0.300,voie2,0,
9,0.300,voie3,0,
9,0.300,voie4,0,
9,0.300,voie5,0,
9,0.300,voie6,0,
10,0.333,voie1,0,
10,0.333,voie2,0,
10,0.333,voie3,0,
10,0.333,voie4,0,
10,0.333,voie5,0,
10,0.333,voie6,0,
11,0.367,voie1,0,
11,0.367,voie2,0,
11,0.367,voie3,0,
11,0.367,voie4,0,
11,0.367,voie5,0,
11,0.367,voie6,0,
12,0.400,voie1,0,
12,0.400,voie2,0,
12,0.400,voie3,0,
12,0.400,voie4,0,
12,0.400,voie5,0,
12,0.400,voie6,0,
13,0.433,voie1,0,
13,0.433,voie2,0,
13,0.433,voie3,0,
13,0.433,voie4,0,
13,0.433,voie5,0,
13,0.433,voie6,0,
14,0.467,voie1,0,
14,0.467,voie2,0,
14,0.467,voie3,0,
14,0.467,voie4,0,
14,0.467,voie5,0,
14,0.467,voie6,0,
15,0.500,voie1,0,
15,0.500,voie2,0,
15,0.500,voie3,0,
15,0.500,voie4,0,
15,0.500,voie5,0,
15,0.500,voie6,0,
16,0.533,voie1,0,
16,0.533,voie2,0,
16,0.533,voie3,0,
16,0.533,voie4,0,
16,0.533,voie5,0,
16,0.533,voie6,0,
17,0.567,voie1,0,
17,0.567,voie2,0,
17,0.567,voie3,0,
17,0.567,voie4,0,
17,0.567,voie5,0,
17,0.567,voie6,0,
18,0.600,voie1,0,
18,0.600,voie2,0,
18,0.600,voie3,0,
18,0.600,voie4,0,
18,0.600,voie5,0,
18,0.600,voie6,0,
19,0.633,voie1,0,
19,0.633,voie2,0,
19,0.633,voie3,0,
19,0.633,voie4,0,
19,0.633,voie5,0,
19,0.633,voie6,0,
20,0.667,voie1,0,
20,0.667,voie2,0,
20,0.667,voie3,0,
20,0.667,voie4,0,
20,0.667,voie5,0,
20,0.667,voie6,0,
21,0.700,voie1,0,
21,0.700,voie2,0,
21,0.700,voie3,0,
21,0.700,voie4,0,
21,0.700,voie5,0,
21,0.700,voie6,0,
22,0.733,voie1,0,
22,0.733,voie2,0,
22,0.733,voie3,0,
22,0.733,voie4,0,
22,0.733,voie5,0,
22,0.733,voie6,0,
23,0.767,voie1,0,
23,0.767,voie2,0,
23,0.767,voie3,0,
23,0.767,voie4,0,
23,0.767,voie5,0,
23,0.767,voie6,0,
24,0.800,voie1,0,
24,0.800,voie2,0,
24,0.800,voie3,0,
24,0.800,voie4,0,
24,0.800,voie5,0,
24,0.800,voie6,0,
25,0.833,voie1,0,
25,0.833,voie2,0,
25,0.833,voie3,0,
25,0.833,voie4,0,
25,0.833,voie5,0,
25,0.833,voie6,0,
26,0.867,voie1,0,
26,0.867,voie2,0,
26,0.867,voie3,0,
26,0.867,voie4,0,
26,0.867,voie5,0,
26,0.867,voie6,0,
27,0.900,voie1,0,
27,0.900,voie2,0,
27,0.900,voie3,0,
27,0.900,voie4,0,
27,0.900,voie5,0,
27,0.900,voie6,0,
28,0.933,voie1,0,
28,0.933,voie2,0,
28,0.933,voie3,0,
28,0.933,voie4,0,
28,0.933,voie5,0,
28,0.933,voie6,0,
29,0.967,voie1,0,
29,0.967,voie2,0,
29,0.967,voie3,0,
29,0.967,voie4,0,
29,0.967,voie5,0,
29,0.967,voie6,0,
30,1.000,voie1,0,
30,1.000,voie2,0,
30,1.000,voie3,0,
30,1.000,voie4,0,
30,1.000,voie5,0,
30,1.000,voie6,0,
31,1.033,voie1,0,
31,1.033,voie2,0,
31,1.033,voie3,0,
31,1.033,voie4,0,
31,1.033,voie5,0,
31,1.033,voie6,0,
32,1.067,voie1,0,
32,1.067,voie2,0,
32,1.067,voie3,0,
32,1.067,voie4,0,
32,1.067,voie5,0,
32,1.067,voie6,0,
33,1.100,voie1,0,
33,1.100,voie2,0,
33,1.100,voie3,0,
33,1.100,voie4,0,
33,1.100,voie5,0,
33,1.100,voie6,0,
34,1.133,voie1,0,
34,1.133,voie2,0,
34,1.133,voie3,0,
34,1.133,voie4,0,
34,1.133,voie5,0,
34,1.133,voie6,0,
35,1.167,voie1,0,
35,1.167,voie2,0,
35,1.167,voie3,0,
35,1.167,voie4,0,
35,1.167,voie5,0,
35,1.167,voie6,0,
36,1.200,voie1,0,
36,1.200,voie2,0,
36,1.200,voie3,0,
36,1.200,voie4,0,
36,1.200,voie5,0,
36,1.200,voie6,0,
37,1.233,voie1,0,
37,1.233,voie2,0,
37,1.233,voie3,0,
37,1.233,voie4,0,
37,1.233,voie5,0,
37,1.233,voie6,0,
38,1.267,voie1,0,
38,1.267,voie2,0,
38,1.267,voie3,0,
38,1.267,voie4,0,
38,1.267,voie5,0,
38,1.267,voie6,0,
39,1.300,voie1,0,
39,1.300,voie2,0,
39,1.300,voie3,0,
39,1.300,voie4,0,
39,1.300,voie5,0,
39,1.300,voie6,0,
40,1.333,voie1,0,
40,1.333,voie2,0,
40,1.333,voie3,0,
40,1.333,voie4,0,
40,1.333,voie5,0,
40,1.333,voie6,0,
41,1.367,voie1,0,
41,1.367,voie2,0,
41,1.367,voie3,0,
41,1.367,voie4,0,
41,1.367,voie5,0,
41,1.367,voie6,0,
42,1.400,voie1,0,
42,1.400,voie2,0,
42,1.400,voie3,0,
42,1.400,voie4,0,
42,1.400,voie5,0,
42,1.400,voie6,0,
43,1.433,voie1,0,
43,1.433,voie2,0,
43,1.433,voie3,0,
43,1.433,voie4,0,
43,1.433,voie5,0,
43,1.433,voie6,0,
44,1.467,voie1,0,
44,1.467,voie2,0,
44,1.467,voie3,0,
44,1.467,voie4,0,
44,1.467,voie5,0,
44,1.467,voie6,0,
45,1.500,voie1,0,
45,1.500,voie2,0,
45,1.500,voie3,0,
45,1.500,voie4,0,
45,1.500,voie5,0,
45,1.500,voie6,0,
46,1.533,voie1,0,
46,1.533,voie2,0,
46,1.533,voie3,0,
46,1.533,voie4,0,
46,1.533,voie5,0,
46,1.533,voie6,0,
47,1.567,voie1,0,
47,1.567,voie2,0,
47,1.567,voie3,0,
47,1.567,voie4,0,
47,1.567,voie5,0,
47,1.567,voie6,0,
48,1.600,voie1,0,
48,1.600,voie2,0,
48,1.600,voie3,0,
48,1.600,voie4,0,
48,1.600,voie5,0,
48,1.600,voie6,0,
49,1.633,voie1,0,
49,1.633,voie2,0,
49,1.633,voie3,0,
49,1.633,voie4,0,
49,1.633,voie5,0,
49,1.633,voie6,0,
50,1.667,voie1,0,
50,1.667,voie2,0,
50,1.667,voie3,0,
50,1.667,voie4,0,
50,1.667,voie5,0,
50,1.667,voie6,0,
51,1.700,voie1,0,
51,1.700,voie2,0,
51,1.700,voie3,0,
51,1.700,voie4,0,
51,1.700,voie5,0,
51,1.700,voie6,0,
52,1.733,voie1,0,
52,1.733,voie2,0,
52,1.733,voie3,0,
52,1.733,voie4,0,
52,1.733,voie5,0,
52,1.733,voie6,0,
53,1.767,voie1,0,
53,1.767,voie2,0,
53,1.767,voie3,0,
53,1.767,voie4,0,
53,1.767,voie5,0,
53,1.767,voie6,0,
54,1.800,voie1,0,
54,1.800,voie2,0,
54,1.800,voie3,0,
54,1.800,voie4,0,
54,1.800,voie5,0,
54,1.800,voie6,0,
55,1.833,voie1,0,
55,1.833,voie2,0,
55,1.833,voie3,0,
55,1.833,voie4,0,
55,1.833,voie5,0,
55,1.833,voie6,0,
56,1.867,voie1,0,
56,1.867,voie2,0,
56,1.867,voie3,0,
56,1.867,voie4,0,
56,1.867,voie5,0,
56,1.867,voie6,0,
57,1.900,voie1,0,
57,1.900,voie2,0,
57,1.900,voie3,0,
57,1.900,voie4,0,
57,1.900,voie5,0,
57,1.900,voie6,0,
58,1.933,voie1,0,
58,1.933,voie2,0,
58,1.933,voie3,0,
58,1.933,voie4,0,
58,1.933,voie5,0,
58,1.933,voie6,0,
59,1.967,voie1,0,
59,1.967,voie2,0,
59,1.967,voie3,0,
59,1.967,voie4,0,
59,1.967,voie5,0,
59,1.967,voie6,0,
60,2.000,voie1,0,
60,2.000,voie2,0,
60,2.000,voie3,0,
60,2.000,voie4,0,
60,2.000,voie5,0,
60,2.000,voie6,0,
61,2.033,voie1,0,
61,2.033,voie2,0,
61,2.033,voie3,0,
61,2.033,voie4,0,
61,2.033,voie5,0,
61,2.033,voie6,0,
62,2.067,voie1,0,
62,2.067,voie2,0,
62,2.067,voie3,0,
62,2.067,voie4,0,
62,2.067,voie5,0,
62,2.067,voie6,0,
63,2.100,voie1,0,
63,2.100,voie2,0,
63,2.100,voie3,0,
63,2.100,voie4,0,
63,2.100,voie5,0,
63,2.100,voie6,0,
64,2.133,voie1,0,
64,2.133,voie2,0,
64,2.133,voie3,0,
64,2.133,voie4,0,
64,2.133,voie5,0,
64,2.133,voie6,0,
65,2.167,voie1,0,
65,2.167,voie2,0,
65,2.167,voie3,0,
65,2.167,voie4,0,
65,2.167,voie5,0,
65,2.167,voie6,0,
66,2.200,voie1,0,
66,2.200,voie2,0,
66,2.200,voie3,0,
66,2.200,voie4,0,
66,2.200,voie5,0,
66,2.200,voie6,0,
67,2.233,voie1,0,
67,2.233,voie2,0,
67,2.233,voie3,0,
67,2.233,voie4,0,
67,2.233,voie5,0,
67,2.233,voie6,0,
68,2.267,voie1,0,
68,2.267,voie2,0,
68,2.267,voie3,0,
68,2.267,voie4,0,
68,2.267,voie5,0,
68,2.267,voie6,0,
69,2.300,voie1,0,
69,2.300,voie2,0,
69,2.300,voie3,0,
69,2.300,voie4,0,
69,2.300,voie5,0,
69,2.300,voie6,0,
70,2.333,voie1,0,
70,2.333,voie2,0,
70,2.333,voie3,0,
70,2.333,voie4,0,
70,2.333,voie5,0,
70,2.333,voie6,0,
71,2.367,voie1,0,
71,2.367,voie2,0,
71,2.367,voie3,0,
71,2.367,voie4,0,
71,2.367,voie5,0,
71,2.367,voie6,0,
72,2.400,voie1,0,
72,2.400,voie2,0,
72,2.400,voie3,0,
72,2.400,voie4,0,
72,2.400,voie5,0,
72,2.400,voie6,0,
73,2.433,voie1,0,
73,2.433,voie2,0,
73,2.433,voie3,0,
73,2.433,voie4,0,
73,2.433,voie5,0,
73,2.433,voie6,0,
74,2.467,voie1,0,
74,2.467,voie2,0,
74,2.467,voie3,0,
74,2.467,voie4,0,
74,2.467,voie5,0,
74,2.467,voie6,0,
75,2.500,voie1,0,
75,2.500,voie2,0,
75,2.500,voie3,0,
75,2.500,voie4,0,
75,2.500,voie5,0,
75,2.500,voie6,0,
76,2.533,voie1,0,
76,2.533,voie2,0,
76,2.533,voie3,0,
76,2.533,voie4,0,
76,2.533,voie5,0,
76,2.533,voie6,0,
77,2.567,voie1,0,
77,2.567,voie2,0,
77,2.567,voie3,0,
77,2.567,voie4,0,
77,2.567,voie5,0,
77,2.567,voie6,0,
78,2.600,voie1,0,
78,2.600,voie2,0,
78,2.600,voie3,0,
78,2.600,voie4,0,
78,2.600,voie5,0,
78,2.600,voie6,0,
79,2.633,voie1,0,
79,2.633,voie2,0,
79,2.633,voie3,0,
79,2.633,voie4,0,
79,2.633,voie5,0,
79,2.633,voie6,0,
80,2.667,voie1,0,
80,2.667,voie2,0,
80,2.667,voie3,0,
80,2.667,voie4,0,
80,2.667,voie5,0,
80,2.667,voie6,0,
81,2.700,voie1,0,
81,2.700,voie2,0,
81,2.700,voie3,0,
81,2.700,voie4,0,
81,2.700,voie5,0,
81,2.700,voie6,0,
82,2.733,voie1,0,
82,2.733,voie2,0,
82,2.733,voie3,0,
82,2.733,voie4,0,
82,2.733,voie5,0,
82,2.733,voie6,0,
83,2.767,voie1,0,
83,2.767,voie2,0,
83,2.767,voie3,0,
83,2.767,voie4,0,
83,2.767,voie5,0,
83,2.767,voie6,0,
84,2.800,voie1,0,
84,2.800,voie2,0,
84,2.800,voie3,0,
84,2.800,voie4,0,
84,2.800,voie5,0,
84,2.800,voie6,0,
85,2.833,voie1,0,
85,2.833,voie2,0,
85,2.833,voie3,0,
85,2.833,voie4,0,
85,2.833,voie5,0,
85,2.833,voie6,0,
86,2.867,voie1,0,
86,2.867,voie2,0,
86,2.867,voie3,0,
86,2.867,voie4,0,
86,2.867,voie5,0,
86,2.867,voie6,0,
87,2.900,voie1,0,
87,2.900,voie2,0,
87,2.900,voie3,0,
87,2.900,voie4,0,
87,2.900,voie5,0,
87,2.900,voie6,0,
88,2.933,voie1,0,
88,2.933,voie2,0,
88,2.933,voie3,0,
88,2.933,voie4,0,
88,2.933,voie5,0,
88,2.933,voie6,0,
89,2.967,voie1,0,
89,2.967,voie2,0,
89,2.967,voie3,0,
89,2.967,voie4,0,
89,2.967,voie5,0,
89,2.967,voie6,0,
90,3.000,voie1,0,
90,3.000,voie2,0,
90,3.000,voie3,0,
90,3.000,voie4,0,
90,3.000,voie5,0,
90,3.000,voie6,0,
91,3.033,voie1,0,
91,3.033,voie2,0,
91,3.033,voie3,0,
91,3.033,voie4,0,
91,3.033,voie5,0,
91,3.033,voie6,0,
92,3.067,voie1,0,
92,3.067,voie2,0,
92,3.067,voie3,0,
92,3.067,voie4,0,
92,3.067,voie5,0,
92,3.067,voie6,0,
93,3.100,voie1,0,
93,3.100,voie2,0,
93,3.100,voie3,0,
93,3.100,voie4,0,
93,3.100,voie5,0,
93,3.100,voie6,0,
94,3.133,voie1,0,
94,3.133,voie2,0,
94,3.133,voie3,0,
94,3.133,voie4,0,
94,3.133,voie5,0,
94,3.133,voie6,0,
95,3.167,voie1,0,
95,3.167,voie2,0,
95,3.167,voie3,0,
95,3.167,voie4,0,
95,3.167,voie5,0,
95,3.167,voie6,0,
96,3.200,voie1,0,
96,3.200,voie2,0,
96,3.200,voie3,0,
96,3.200,voie4,0,
96,3.200,voie5,0,
96,3.200,voie6,0,
97,3.233,voie1,0,
97,3.233,voie2,0,
97,3.233,voie3,0,
97,3.233,voie4,0,
97,3.233,voie5,0,
97,3.233,voie6,0,
98,3.267,voie1,0,
98,3.267,voie2,0,
98,3.267,voie3,0,
98,3.267,voie4,0,
98,3.267,voie5,0,
98,3.267,voie6,0,
99,3.300,voie1,0,
99,3.300,voie2,0,
99,3.300,voie3,0,
99,3.300,voie4,0,
99,3.300,voie5,0,
99,3.300,voie6,0,
100,3.333,voie1,0,
100,3.333,voie2,0,
100,3.333,voie3,0,
100,3.333,voie4,0,
100,3.333,voie5,0,
100,3.333,voie6,0,
101,3.367,voie1,0,
101,3.367,voie2,0,
101,3.367,voie3,0,
101,3.367,voie4,0,
101,3.367,voie5,0,
101,3.367,voie6,0,
102,3.400,voie1,0,
102,3.400,voie2,0,
102,3.400,voie3,0,
102,3.400,voie4,0,
102,3.400,voie5,0,
102,3.400,voie6,0,
103,3.433,voie1,0,
103,3.433,voie2,0,
103,3.433,voie3,0,
103,3.433,voie4,0,
103,3.433,voie5,0,
103,3.433,voie6,0,
104,3.467,voie1,0,
104,3.467,voie2,0,
104,3.467,voie3,0,
104,3.467,voie4,0,
104,3.467,voie5,0,
104,3.467,voie6,0,
105,3.500,voie1,0,
105,3.500,voie2,0,
105,3.500,voie3,0,
105,3.500,voie4,0,
105,3.500,voie5,0,
105,3.500,voie6,0,
106,3.533,voie1,0,
106,3.533,voie2,0,
106,3.533,voie3,0,
106,3.533,voie4,0,
106,3.533,voie5,0,
106,3.533,voie6,0,
107,3.567,voie1,0,
107,3.567,voie2,0,
107,3.567,voie3,0,
107,3.567,voie4,0,
107,3.567,voie5,0,
107,3.567,voie6,0,
108,3.600,voie1,0,
108,3.600,voie2,0,
108,3.600,voie3,0,
108,3.600,voie4,0,
108,3.600,voie5,0,
108,3.600,voie6,0,
109,3.633,voie1,0,
109,3.633,voie2,0,
109,3.633,voie3,0,
109,3.633,voie4,0,
109,3.633,voie5,0,
109,3.633,voie6,0,
110,3.667,voie1,0,
110,3.667,voie2,0,
110,3.667,voie3,0,
110,3.667,voie4,0,
110,3.667,voie5,0,
110,3.667,voie6,0,
111,3.700,voie1,0,
111,3.700,voie2,0,
111,3.700,voie3,0,
111,3.700,voie4,0,
111,3.700,voie5,0,
111,3.700,voie6,0,
112,3.733,voie1,0,
112,3.733,voie2,0,
112,3.733,voie3,0,
112,3.733,voie4,0,
112,3.733,voie5,0,
112,3.733,voie6,0,
113,3.767,voie1,0,
113,3.767,voie2,0,
113,3.767,voie3,0,
113,3.767,voie4,0,
113,3.767,voie5,0,
113,3.767,voie6,0,
114,3.800,voie1,0,
114,3.800,voie2,0,
114,3.800,voie3,0,
114,3.800,voie4,0,
114,3.800,voie5,0,
114,3.800,voie6,0,
115,3.833,voie1,0,
115,3.833,voie2,0,
115,3.833,voie3,0,
115,3.833,voie4,0,
115,3.833,voie5,0,
115,3.833,voie6,0,
116,3.867,voie1,0,
116,3.867,voie2,0,
116,3.867,voie3,0,
116,3.867,voie4,0,
116,3.867,voie5,0,
116,3.867,voie6,0,
117,3.900,voie1,0,
117,3.900,voie2,0,
117,3.900,voie3,0,
117,3.900,voie4,0,
117,3.900,voie5,0,
117,3.900,voie6,0,
118,3.933,voie1,0,
118,3.933,voie2,0,
118,3.933,voie3,0,
118,3.933,voie4,0,
118,3.933,voie5,0,
118,3.933,voie6,0,
119,3.967,voie1,0,
119,3.967,voie2,0,
119,3.967,voie3,0,
119,3.967,voie4,0,
119,3.967,voie5,0,
119,3.967,voie6,0,
120,4.000,voie1,0,
120,4.000,voie2,0,
120,4.000,voie3,0,
120,4.000,voie4,0,
120,4.000,voie5,0,
120,4.000,voie6,0,
121,4.033,voie1,0,
121,4.033,voie2,0,
121,4.033,voie3,0,
121,4.033,voie4,0,
121,4.033,voie5,0,
121,4.033,voie6,0,
122,4.067,voie1,0,
122,4.067,voie2,0,
122,4.067,voie3,0,
122,4.067,voie4,0,
122,4.067,voie5,0,
122,4.067,voie6,0,
123,4.100,voie1,0,
123,4.100,voie2,0,
123,4.100,voie3,0,
123,4.100,voie4,0,
123,4.100,voie5,0,
123,4.100,voie6,0,
124,4.133,voie1,0,
124,4.133,voie2,0,
124,4.133,voie3,0,
124,4.133,voie4,0,
124,4.133,voie5,0,
124,4.133,voie6,0,
125,4.167,voie1,0,
125,4.167,voie2,0,
125,4.167,voie3,0,
125,4.167,voie4,0,
125,4.167,voie5,0,
125,4.167,voie6,0,
126,4.200,voie1,0,
126,4.200,voie2,0,
126,4.200,voie3,0,
126,4.200,voie4,0,
126,4.200,voie5,0,
126,4.200,voie6,0,
127,4.233,voie1,0,
127,4.233,voie2,0,
127,4.233,voie3,0,
127,4.233,voie4,0,
127,4.233,voie5,0,
127,4.233,voie6,0,
128,4.267,voie1,0,
128,4.267,voie2,0,
128,4.267,voie3,0,
128,4.267,voie4,0,
128,4.267,voie5,0,
128,4.267,voie6,0,
129,4.300,voie1,0,
129,4.300,voie2,0,
129,4.300,voie3,0,
129,4.300,voie4,0,
129,4.300,voie5,0,
129,4.300,voie6,0,
130,4.333,voie1,0,
130,4.333,voie2,0,
130,4.333,voie3,0,
130,4.333,voie4,0,
130,4.333,voie5,0,
130,4.333,voie6,0,
131,4.367,voie1,0,
131,4.367,voie2,0,
131,4.367,voie3,0,
131,4.367,voie4,0,
131,4.367,voie5,0,
131,4.367,voie6,0,
132,4.400,voie1,0,
132,4.400,voie2,0,
132,4.400,voie3,0,
132,4.400,voie4,0,
132,4.400,voie5,0,
132,4.400,voie6,0,
133,4.433,voie1,0,
133,4.433,voie2,0,
133,4.433,voie3,0,
133,4.433,voie4,0,
133,4.433,voie5,0,
133,4.433,voie6,0,
134,4.467,voie1,0,
134,4.467,voie2,0,
134,4.467,voie3,0,
134,4.467,voie4,0,
134,4.467,voie5,0,
134,4.467,voie6,0,
135,4.500,voie1,0,
135,4.500,voie2,0,
135,4.500,voie3,0,
135,4.500,voie4,0,
135,4.500,voie5,0,
135,4.500,voie6,0,
136,4.533,voie1,0,
136,4.533,voie2,0,
136,4.533,voie3,0,
136,4.533,voie4,0,
136,4.533,voie5,0,
136,4.533,voie6,0,
137,4.567,voie1,0,
137,4.567,voie2,0,
137,4.567,voie3,0,
137,4.567,voie4,0,
137,4.567,voie5,0,
137,4.567,voie6,0,
138,4.600,voie1,0,
138,4.600,voie2,0,
138,4.600,voie3,0,
138,4.600,voie4,0,
138,4.600,voie5,0,
138,4.600,voie6,0,
139,4.633,voie1,0,
139,4.633,voie2,0,
139,4.633,voie3,0,
139,4.633,voie4,0,
139,4.633,voie5,0,
139,4.633,voie6,0,
140,4.667,voie1,0,
140,4.667,voie2,0,
140,4.667,voie3,0,
140,4.667,voie4,0,
140,4.667,voie5,0,
140,4.667,voie6,0,
141,4.700,voie1,0,
141,4.700,voie2,0,
141,4.700,voie3,0,
141,4.700,voie4,0,
141,4.700,voie5,0,
141,4.700,voie6,0,
142,4.733,voie1,0,
142,4.733,voie2,0,
142,4.733,voie3,0,
142,4.733,voie4,0,
142,4.733,voie5,0,
142,4.733,voie6,0,
143,4.767,voie1,0,
143,4.767,voie2,0,
143,4.767,voie3,0,
143,4.767,voie4,0,
143,4.767,voie5,0,
143,4.767,voie6,0,
144,4.800,voie1,0,
144,4.800,voie2,0,
144,4.800,voie3,0,
144,4.800,voie4,0,
144,4.800,voie5,0,
144,4.800,voie6,0,
145,4.833,voie1,0,
145,4.833,voie2,0,
145,4.833,voie3,0,
145,4.833,voie4,0,
145,4.833,voie5,0,
145,4.833,voie6,0,
146,4.867,voie1,0,
146,4.867,voie2,0,
146,4.867,voie3,0,
146,4.867,voie4,0,
146,4.867,voie5,0,
146,4.867,voie6,0,
147,4.900,voie1,0,
147,4.900,voie2,0,
147,4.900,voie3,0,
147,4.900,voie4,0,
147,4.900,voie5,0,
147,4.900,voie6,0,
148,4.933,voie1,0,
148,4.933,voie2,0,
148,4.933,voie3,0,
148,4.933,voie4,0,
148,4.933,voie5,0,
148,4.933,voie6,0,
149,4.967,voie1,1,6
149,4.967,voie2,0,
149,4.967,voie3,0,
149,4.967,voie4,0,
149,4.967,voie5,0,
149,4.967,voie6,0,
150,5.000,voie1,1,6
150,5.000,voie2,0,
150,5.000,voie3,0,
150,5.000,voie4,0,
150,5.000,voie5,0,
150,5.000,voie6,0,
151,5.033,voie1,1,6
151,5.033,voie2,0,
151,5.033,voie3,0,
151,5.033,voie4,0,
151,5.033,voie5,0,
151,5.033,voie6,0,
152,5.067,voie1,1,6
152,5.067,voie2,0,
152,5.067,voie3,0,
152,5.067,voie4,0,
152,5.067,voie5,0,
152,5.067,voie6,0,
153,5.100,voie1,0,
153,5.100,voie2,0,
153,5.100,voie3,0,
153,5.100,voie4,0,
153,5.100,voie5,0,
153,5.100,voie6,0,
154,5.133,voie1,0,
154,5.133,voie2,0,
154,5.133,voie3,0,
154,5.133,voie4,0,
154,5.133,voie5,0,
154,5.133,voie6,0,
155,5.167,voie1,0,
155,5.167,voie2,0,
155,5.167,voie3,0,
155,5.167,voie4,0,
155,5.167,voie5,0,
155,5.167,voie6,0,
156,5.200,voie1,0,
156,5.200,voie2,0,
156,5.200,voie3,0,
156,5.200,voie4,0,
156,5.200,voie5,0,
156,5.200,voie6,0,
157,5.233,voie1,0,
157,5.233,voie2,0,
157,5.233,voie3,0,
157,5.233,voie4,0,
157,5.233,voie5,0,
157,5.233,voie6,0,
158,5.267,voie1,0,
158,5.267,voie2,0,
158,5.267,voie3,0,
158,5.267,voie4,0,
158,5.267,voie5,0,
158,5.267,voie6,0,
159,5.300,voie1,0,
159,5.300,voie2,0,
159,5.300,voie3,0,
159,5.300,voie4,0,
159,5.300,voie5,0,
159,5.300,voie6,0,
160,5.333,voie1,0,
160,5.333,voie2,0,
160,5.333,voie3,0,
160,5.333,voie4,0,
160,5.333,voie5,0,
160,5.333,voie6,0,
161,5.367,voie1,0,
161,5.367,voie2,0,
161,5.367,voie3,0,
161,5.367,voie4,0,
161,5.367,voie5,0,
161,5.367,voie6,0,
162,5.400,voie1,0,
162,5.400,voie2,0,
162,5.400,voie3,0,
162,5.400,voie4,0,
162,5.400,voie5,0,
162,5.400,voie6,0,
163,5.433,voie1,0,
163,5.433,voie2,0,
163,5.433,voie3,0,
163,5.433,voie4,0,
163,5.433,voie5,0,
163,5.433,voie6,0,
164,5.467,voie1,0,
164,5.467,voie2,0,
164,5.467,voie3,0,
164,5.467,voie4,0,
164,5.467,voie5,0,
164,5.467,voie6,0,
165,5.500,voie1,0,
165,5.500,voie2,0,
165,5.500,voie3,0,
165,5.500,voie4,0,
165,5.500,voie5,0,
165,5.500,voie6,0,
166,5.533,voie1,0,
166,5.533,voie2,0,
166,5.533,voie3,0,
166,5.533,voie4,0,
166,5.533,voie5,0,
166,5.533,voie6,0,
167,5.567,voie1,0,
167,5.567,voie2,0,
167,5.567,voie3,0,
167,5.567,voie4,0,
167,5.567,voie5,0,
167,5.567,voie6,0,
168,5.600,voie1,0,
168,5.600,voie2,0,
168,5.600,voie3,0,
168,5.600,voie4,0,
168,5.600,voie5,0,
168,5.600,voie6,0,
169,5.633,voie1,0,
169,5.633,voie2,0,
169,5.633,voie3,0,
169,5.633,voie4,0,
169,5.633,voie5,0,
169,5.633,voie6,0,
170,5.667,voie1,0,
170,5.667,voie2,0,
170,5.667,voie3,0,
170,5.667,voie4,0,
170,5.667,voie5,0,
170,5.667,voie6,0,
171,5.700,voie1,0,
171,5.700,voie2,0,
171,5.700,voie3,0,
171,5.700,voie4,0,
171,5.700,voie5,0,
171,5.700,voie6,0,
172,5.733,voie1,0,
172,5.733,voie2,0,
172,5.733,voie3,0,
172,5.733,voie4,0,
172,5.733,voie5,0,
172,5.733,voie6,0,
173,5.767,voie1,0,
173,5.767,voie2,0,
173,5.767,voie3,0,
173,5.767,voie4,0,
173,5.767,voie5,0,
173,5.767,voie6,0,
174,5.800,voie1,0,
174,5.800,voie2,0,
174,5.800,voie3,0,
174,5.800,voie4,0,
174,5.800,voie5,0,
174,5.800,voie6,0,
175,5.833,voie1,0,
175,5.833,voie2,0,
175,5.833,voie3,0,
175,5.833,voie4,0,
175,5.833,voie5,0,
175,5.833,voie6,0,
176,5.867,voie1,0,
176,5.867,voie2,0,
176,5.867,voie3,0,
176,5.867,voie4,0,
176,5.867,voie5,0,
176,5.867,voie6,0,
177,5.900,voie1,0,
177,5.900,voie2,0,
177,5.900,voie3,0,
177,5.900,voie4,0,
177,5.900,voie5,0,
177,5.900,voie6,0,
178,5.933,voie1,1,6
178,5.933,voie2,0,
178,5.933,voie3,0,
178,5.933,voie4,0,
178,5.933,voie5,0,
178,5.933,voie6,0,
179,5.967,voie1,1,6
179,5.967,voie2,0,
179,5.967,voie3,0,
179,5.967,voie4,0,
179,5.967,voie5,0,
179,5.967,voie6,0,
180,6.000,voie1,0,
180,6.000,voie2,0,
180,6.000,voie3,0,
180,6.000,voie4,0,
180,6.000,voie5,0,
180,6.000,voie6,0,
181,6.033,voie1,0,
181,6.033,voie2,0,
181,6.033,voie3,0,
181,6.033,voie4,0,
181,6.033,voie5,0,
181,6.033,voie6,0,
182,6.067,voie1,0,
182,6.067,voie2,0,
182,6.067,voie3,0,
182,6.067,voie4,0,
182,6.067,voie5,0,
182,6.067,voie6,0,
183,6.100,voie1,0,
183,6.100,voie2,0,
183,6.100,voie3,0,
183,6.100,voie4,0,
183,6.100,voie5,0,
183,6.100,voie6,0,
184,6.133,voie1,0,
184,6.133,voie2,0,
184,6.133,voie3,0,
184,6.133,voie4,0,
184,6.133,voie5,0,
184,6.133,voie6,0,
185,6.167,voie1,0,
185,6.167,voie2,0,
185,6.167,voie3,0,
185,6.167,voie4,0,
185,6.167,voie5,0,
185,6.167,voie6,0,
186,6.200,voie1,0,
186,6.200,voie2,0,
186,6.200,voie3,0,
186,6.200,voie4,0,
186,6.200,voie5,0,
186,6.200,voie6,0,
187,6.233,voie1,0,
187,6.233,voie2,0,
187,6.233,voie3,0,
187,6.233,voie4,0,
187,6.233,voie5,0,
187,6.233,voie6,0,
188,6.267,voie1,0,
188,6.267,voie2,0,
188,6.267,voie3,0,
188,6.267,voie4,0,
188,6.267,voie5,0,
188,6.267,voie6,0,
189,6.300,voie1,0,
189,6.300,voie2,0,
189,6.300,voie3,0,
189,6.300,voie4,0,
189,6.300,voie5,0,
189,6.300,voie6,0,
190,6.333,voie1,0,
190,6.333,voie2,0,
190,6.333,voie3,0,
190,6.333,voie4,0,
190,6.333,voie5,0,
190,6.333,voie6,0,
191,6.367,voie1,0,
191,6.367,voie2,0,
191,6.367,voie3,0,
191,6.367,voie4,0,
191,6.367,voie5,0,
191,6.367,voie6,0,
192,6.400,voie1,0,
192,6.400,voie2,0,
192,6.400,voie3,0,
192,6.400,voie4,0,
192,6.400,voie5,0,
192,6.400,voie6,0,
193,6.433,voie1,0,
193,6.433,voie2,0,
193,6.433,voie3,0,
193,6.433,voie4,0,
193,6.433,voie5,0,
193,6.433,voie6,0,
194,6.467,voie1,0,
194,6.467,voie2,0,
194,6.467,voie3,0,
194,6.467,voie4,0,
194,6.467,voie5,0,
194,6.467,voie6,0,
195,6.500,voie1,0,
195,6.500,voie2,0,
195,6.500,voie3,0,
195,6.500,voie4,0,
195,6.500,voie5,0,
195,6.500,voie6,0,
196,6.533,voie1,0,
196,6.533,voie2,0,
196,6.533,voie3,0,
196,6.533,voie4,0,
196,6.533,voie5,0,
196,6.533,voie6,0,
197,6.567,voie1,0,
197,6.567,voie2,0,
197,6.567,voie3,0,
197,6.567,voie4,0,
197,6.567,voie5,0,
197,6.567,voie6,0,
198,6.600,voie1,0,
198,6.600,voie2,0,
198,6.600,voie3,0,
198,6.600,voie4,0,
198,6.600,voie5,0,
198,6.600,voie6,0,
199,6.633,voie1,0,
199,6.633,voie2,0,
199,6.633,voie3,0,
199,6.633,voie4,0,
199,6.633,voie5,0,
199,6.633,voie6,0,
200,6.667,voie1,0,
200,6.667,voie2,0,
200,6.667,voie3,0,
200,6.667,voie4,0,
200,6.667,voie5,0,
200,6.667,voie6,0,
201,6.700,voie1,0,
201,6.700,voie2,0,
201,6.700,voie3,0,
201,6.700,voie4,0,
201,6.700,voie5,0,
201,6.700,voie6,0,
202,6.733,voie1,0,
202,6.733,voie2,0,
202,6.733,voie3,0,
202,6.733,voie4,0,
202,6.733,voie5,0,
202,6.733,voie6,0,
203,6.767,voie1,0,
203,6.767,voie2,0,
203,6.767,voie3,0,
203,6.767,voie4,0,
203,6.767,voie5,0,
203,6.767,voie6,0,
204,6.800,voie1,0,
204,6.800,voie2,0,
204,6.800,voie3,0,
204,6.800,voie4,0,
204,6.800,voie5,0,
204,6.800,voie6,0,
205,6.833,voie1,0,
205,6.833,voie2,0,
205,6.833,voie3,0,
205,6.833,voie4,0,
205,6.833,voie5,0,
205,6.833,voie6,0,
206,6.867,voie1,0,
206,6.867,voie2,0,
206,6.867,voie3,0,
206,6.867,voie4,0,
206,6.867,voie5,0,
206,6.867,voie6,0,
207,6.900,voie1,0,
207,6.900,voie2,0,
207,6.900,voie3,0,
207,6.900,voie4,0,
207,6.900,voie5,0,
207,6.900,voie6,0,
208,6.933,voie1,0,
208,6.933,voie2,0,
208,6.933,voie3,0,
208,6.933,voie4,0,
208,6.933,voie5,0,
208,6.933,voie6,0,
209,6.967,voie1,0,
209,6.967,voie2,0,
209,6.967,voie3,0,
209,6.967,voie4,0,
209,6.967,voie5,0,
209,6.967,voie6,0,
210,7.000,voie1,0,
210,7.000,voie2,0,
210,7.000,voie3,0,
210,7.000,voie4,0,
210,7.000,voie5,0,
210,7.000,voie6,0,
211,7.033,voie1,0,
211,7.033,voie2,0,
211,7.033,voie3,0,
211,7.033,voie4,0,
211,7.033,voie5,0,
211,7.033,voie6,0,
212,7.067,voie1,0,
212,7.067,voie2,0,
212,7.067,voie3,0,
212,7.067,voie4,0,
212,7.067,voie5,0,
212,7.067,voie6,0,
213,7.100,voie1,0,
213,7.100,voie2,0,
213,7.100,voie3,0,
213,7.100,voie4,0,
213,7.100,voie5,0,
213,7.100,voie6,0,
214,7.133,voie1,0,
214,7.133,voie2,0,
214,7.133,voie3,0,
214,7.133,voie4,0,
214,7.133,voie5,0,
214,7.133,voie6,0,
215,7.167,voie1,0,
215,7.167,voie2,0,
215,7.167,voie3,0,
215,7.167,voie4,0,
215,7.167,voie5,0,
215,7.167,voie6,0,
216,7.200,voie1,0,
216,7.200,voie2,0,
216,7.200,voie3,0,
216,7.200,voie4,0,
216,7.200,voie5,0,
216,7.200,voie6,0,
217,7.233,voie1,0,
217,7.233,voie2,0,
217,7.233,voie3,0,
217,7.233,voie4,0,
217,7.233,voie5,0,
217,7.233,voie6,0,
218,7.267,voie1,0,
218,7.267,voie2,0,
218,7.267,voie3,0,
218,7.267,voie4,0,
218,7.267,voie5,0,
218,7.267,voie6,0,
219,7.300,voie1,0,
219,7.300,voie2,0,
219,7.300,voie3,0,
219,7.300,voie4,0,
219,7.300,voie5,0,
219,7.300,voie6,0,
220,7.333,voie1,0,
220,7.333,voie2,0,
220,7.333,voie3,0,
220,7.333,voie4,0,
220,7.333,voie5,0,
220,7.333,voie6,0,
221,7.367,voie1,0,
221,7.367,voie2,0,
221,7.367,voie3,0,
221,7.367,voie4,0,
221,7.367,voie5,0,
221,7.367,voie6,0,
222,7.400,voie1,0,
222,7.400,voie2,0,
222,7.400,voie3,0,
222,7.400,voie4,0,
222,7.400,voie5,0,
222,7.400,voie6,0,
223,7.433,voie1,0,
223,7.433,voie2,0,
223,7.433,voie3,0,
223,7.433,voie4,0,
223,7.433,voie5,0,
223,7.433,voie6,0,
224,7.467,voie1,0,
224,7.467,voie2,0,
224,7.467,voie3,0,
224,7.467,voie4,0,
224,7.467,voie5,0,
224,7.467,voie6,0,
225,7.500,voie1,0,
225,7.500,voie2,0,
225,7.500,voie3,0,
225,7.500,voie4,0,
225,7.500,voie5,0,
225,7.500,voie6,0,
226,7.533,voie1,0,
226,7.533,voie2,0,
226,7.533,voie3,0,
226,7.533,voie4,0,
226,7.533,voie5,0,
226,7.533,voie6,0,
227,7.567,voie1,0,
227,7.567,voie2,0,
227,7.567,voie3,0,
227,7.567,voie4,0,
227,7.567,voie5,0,
227,7.567,voie6,0,
228,7.600,voie1,0,
228,7.600,voie2,0,
228,7.600,voie3,0,
228,7.600,voie4,0,
228,7.600,voie5,0,
228,7.600,voie6,0,
229,7.633,voie1,0,
229,7.633,voie2,0,
229,7.633,voie3,0,
229,7.633,voie4,0,
229,7.633,voie5,0,
229,7.633,voie6,0,
230,7.667,voie1,0,
230,7.667,voie2,0,
230,7.667,voie3,0,
230,7.667,voie4,0,
230,7.667,voie5,0,
230,7.667,voie6,0,
231,7.700,voie1,0,
231,7.700,voie2,0,
231,7.700,voie3,0,
231,7.700,voie4,0,
231,7.700,voie5,0,
231,7.700,voie6,0,
232,7.733,voie1,0,
232,7.733,voie2,0,
232,7.733,voie3,0,
232,7.733,voie4,0,
232,7.733,voie5,0,
232,7.733,voie6,0,
233,7.767,voie1,1,6
233,7.767,voie2,0,
233,7.767,voie3,0,
233,7.767,voie4,0,
233,7.767,voie5,0,
233,7.767,voie6,0,
234,7.800,voie1,0,
234,7.800,voie2,0,
234,7.800,voie3,0,
234,7.800,voie4,0,
234,7.800,voie5,0,
234,7.800,voie6,0,
235,7.833,voie1,0,
235,7.833,voie2,0,
235,7.833,voie3,0,
235,7.833,voie4,0,
235,7.833,voie5,0,
235,7.833,voie6,0,
236,7.867,voie1,0,
236,7.867,voie2,0,
236,7.867,voie3,0,
236,7.867,voie4,0,
236,7.867,voie5,0,
236,7.867,voie6,0,
237,7.900,voie1,0,
237,7.900,voie2,0,
237,7.900,voie3,0,
237,7.900,voie4,0,
237,7.900,voie5,0,
237,7.900,voie6,0,
238,7.933,voie1,1,6
238,7.933,voie2,0,
238,7.933,voie3,0,
238,7.933,voie4,0,
238,7.933,voie5,0,
238,7.933,voie6,0,
239,7.967,voie1,0,
239,7.967,voie2,0,
239,7.967,voie3,0,
239,7.967,voie4,0,
239,7.967,voie5,0,
239,7.967,voie6,0,
240,8.000,voie1,0,
240,8.000,voie2,0,
240,8.000,voie3,0,
240,8.000,voie4,0,
240,8.000,voie5,0,
240,8.000,voie6,0,
241,8.033,voie1,0,
241,8.033,voie2,0,
241,8.033,voie3,0,
241,8.033,voie4,0,
241,8.033,voie5,0,
241,8.033,voie6,0,
242,8.067,voie1,0,
242,8.067,voie2,0,
242,8.067,voie3,0,
242,8.067,voie4,0,
242,8.067,voie5,0,
242,8.067,voie6,0,
243,8.100,voie1,0,
243,8.100,voie2,0,
243,8.100,voie3,0,
243,8.100,voie4,0,
243,8.100,voie5,0,
243,8.100,voie6,0,
244,8.133,voie1,0,
244,8.133,voie2,0,
244,8.133,voie3,0,
244,8.133,voie4,0,
244,8.133,voie5,0,
244,8.133,voie6,0,
245,8.167,voie1,0,
245,8.167,voie2,0,
245,8.167,voie3,0,
245,8.167,voie4,0,
245,8.167,voie5,0,
245,8.167,voie6,0,
246,8.200,voie1,0,
246,8.200,voie2,0,
246,8.200,voie3,0,
246,8.200,voie4,0,
246,8.200,voie5,0,
246,8.200,voie6,0,
247,8.233,voie1,0,
247,8.233,voie2,0,
247,8.233,voie3,0,
247,8.233,voie4,0,
247,8.233,voie5,0,
247,8.233,voie6,0,
248,8.267,voie1,0,
248,8.267,voie2,0,
248,8.267,voie3,0,
248,8.267,voie4,0,
248,8.267,voie5,0,
248,8.267,voie6,0,
249,8.300,voie1,0,
249,8.300,voie2,0,
249,8.300,voie3,0,
249,8.300,voie4,0,
249,8.300,voie5,0,
249,8.300,voie6,0,
250,8.333,voie1,0,
250,8.333,voie2,0,
250,8.333,voie3,0,
250,8.333,voie4,0,
250,8.333,voie5,0,
250,8.333,voie6,0,
251,8.367,voie1,0,
251,8.367,voie2,0,
251,8.367,voie3,0,
251,8.367,voie4,0,
251,8.367,voie5,0,
251,8.367,voie6,0,
252,8.400,voie1,0,
252,8.400,voie2,0,
252,8.400,voie3,0,
252,8.400,voie4,0,
252,8.400,voie5,0,
252,8.400,voie6,0,
253,8.433,voie1,0,
253,8.433,voie2,0,
253,8.433,voie3,0,
253,8.433,voie4,0,
253,8.433,voie5,0,
253,8.433,voie6,0,
254,8.467,voie1,0,
254,8.467,voie2,0,
254,8.467,voie3,0,
254,8.467,voie4,0,
254,8.467,voie5,0,
254,8.467,voie6,0,
255,8.500,voie1,0,
255,8.500,voie2,0,
255,8.500,voie3,0,
255,8.500,voie4,0,
255,8.500,voie5,0,
255,8.500,voie6,0,
256,8.533,voie1,0,
256,8.533,voie2,0,
256,8.533,voie3,0,
256,8.533,voie4,0,
256,8.533,voie5,0,
256,8.533,voie6,0,
257,8.567,voie1,0,
257,8.567,voie2,0,
257,8.567,voie3,0,
257,8.567,voie4,0,
257,8.567,voie5,0,
257,8.567,voie6,0,
258,8.600,voie1,0,
258,8.600,voie2,0,
258,8.600,voie3,0,
258,8.600,voie4,0,
258,8.600,voie5,0,
258,8.600,voie6,0,
259,8.633,voie1,0,
259,8.633,voie2,0,
259,8.633,voie3,0,
259,8.633,voie4,0,
259,8.633,voie5,0,
259,8.633,voie6,0,
260,8.667,voie1,0,
260,8.667,voie2,0,
260,8.667,voie3,0,
260,8.667,voie4,0,
260,8.667,voie5,0,
260,8.667,voie6,0,
261,8.700,voie1,0,
261,8.700,voie2,0,
261,8.700,voie3,0,
261,8.700,voie4,0,
261,8.700,voie5,0,
261,8.700,voie6,0,
262,8.733,voie1,0,
262,8.733,voie2,0,
262,8.733,voie3,0,
262,8.733,voie4,0,
262,8.733,voie5,0,
262,8.733,voie6,0,
263,8.767,voie1,0,
263,8.767,voie2,0,
263,8.767,voie3,0,
263,8.767,voie4,0,
263,8.767,voie5,0,
263,8.767,voie6,0,
264,8.800,voie1,0,
264,8.800,voie2,0,
264,8.800,voie3,0,
264,8.800,voie4,0,
264,8.800,voie5,0,
264,8.800,voie6,0,
265,8.833,voie1,0,
265,8.833,voie2,0,
265,8.833,voie3,0,
265,8.833,voie4,0,
265,8.833,voie5,0,
265,8.833,voie6,0,
266,8.867,voie1,0,
266,8.867,voie2,0,
266,8.867,voie3,0,
266,8.867,voie4,0,
266,8.867,voie5,0,
266,8.867,voie6,0,
267,8.900,voie1,0,
267,8.900,voie2,0,
267,8.900,voie3,0,
267,8.900,voie4,0,
267,8.900,voie5,0,
267,8.900,voie6,0,
268,8.933,voie1,0,
268,8.933,voie2,0,
268,8.933,voie3,0,
268,8.933,voie4,0,
268,8.933,voie5,0,
268,8.933,voie6,0,
269,8.967,voie1,0,
269,8.967,voie2,0,
269,8.967,voie3,0,
269,8.967,voie4,0,
269,8.967,voie5,0,
269,8.967,voie6,0,
270,9.000,voie1,0,
270,9.000,voie2,0,
270,9.000,voie3,0,
270,9.000,voie4,0,
270,9.000,voie5,0,
270,9.000,voie6,0,
271,9.033,voie1,0,
271,9.033,voie2,0,
271,9.033,voie3,0,
271,9.033,voie4,0,
271,9.033,voie5,0,
271,9.033,voie6,0,
272,9.067,voie1,0,
272,9.067,voie2,0,
272,9.067,voie3,0,
272,9.067,voie4,0,
272,9.067,voie5,0,
272,9.067,voie6,0,
273,9.100,voie1,0,
273,9.100,voie2,0,
273,9.100,voie3,0,
273,9.100,voie4,0,
273,9.100,voie5,0,
273,9.100,voie6,0,
274,9.133,voie1,0,
274,9.133,voie2,0,
274,9.133,voie3,0,
274,9.133,voie4,0,
274,9.133,voie5,0,
274,9.133,voie6,0,
275,9.167,voie1,0,
275,9.167,voie2,0,
275,9.167,voie3,0,
275,9.167,voie4,0,
275,9.167,voie5,0,
275,9.167,voie6,0,
276,9.200,voie1,0,
276,9.200,voie2,0,
276,9.200,voie3,0,
276,9.200,voie4,0,
276,9.200,voie5,0,
276,9.200,voie6,0,
277,9.233,voie1,0,
277,9.233,voie2,0,
277,9.233,voie3,0,
277,9.233,voie4,0,
277,9.233,voie5,0,
277,9.233,voie6,0,
278,9.267,voie1,0,
278,9.267,voie2,0,
278,9.267,voie3,0,
278,9.267,voie4,0,
278,9.267,voie5,0,
278,9.267,voie6,0,
279,9.300,voie1,0,
279,9.300,voie2,0,
279,9.300,voie3,0,
279,9.300,voie4,0,
279,9.300,voie5,0,
279,9.300,voie6,0,
280,9.333,voie1,0,
280,9.333,voie2,0,
280,9.333,voie3,0,
280,9.333,voie4,0,
280,9.333,voie5,0,
280,9.333,voie6,0,
281,9.367,voie1,0,
281,9.367,voie2,0,
281,9.367,voie3,0,
281,9.367,voie4,0,
281,9.367,voie5,0,
281,9.367,voie6,0,
282,9.400,voie1,0,
282,9.400,voie2,0,
282,9.400,voie3,0,
282,9.400,voie4,0,
282,9.400,voie5,0,
282,9.400,voie6,0,
283,9.433,voie1,0,
283,9.433,voie2,0,
283,9.433,voie3,0,
283,9.433,voie4,0,
283,9.433,voie5,0,
283,9.433,voie6,0,
284,9.467,voie1,0,
284,9.467,voie2,0,
284,9.467,voie3,0,
284,9.467,voie4,0,
284,9.467,voie5,0,
284,9.467,voie6,0,
285,9.500,voie1,0,
285,9.500,voie2,0,
285,9.500,voie3,0,
285,9.500,voie4,0,
285,9.500,voie5,0,
285,9.500,voie6,0,
286,9.533,voie1,0,
286,9.533,voie2,0,
286,9.533,voie3,0,
286,9.533,voie4,0,
286,9.533,voie5,0,
286,9.533,voie6,0,
287,9.567,voie1,0,
287,9.567,voie2,0,
287,9.567,voie3,0,
287,9.567,voie4,0,
287,9.567,voie5,0,
287,9.567,voie6,0,
288,9.600,voie1,0,
288,9.600,voie2,0,
288,9.600,voie3,0,
288,9.600,voie4,0,
288,9.600,voie5,0,
288,9.600,voie6,0,
289,9.633,voie1,0,
289,9.633,voie2,0,
289,9.633,voie3,0,
289,9.633,voie4,0,
289,9.633,voie5,0,
289,9.633,voie6,0,
290,9.667,voie1,0,
290,9.667,voie2,0,
290,9.667,voie3,0,
290,9.667,voie4,0,
290,9.667,voie5,0,
290,9.667,voie6,0,
291,9.700,voie1,0,
291,9.700,voie2,0,
291,9.700,voie3,0,
291,9.700,voie4,0,
291,9.700,voie5,0,
291,9.700,voie6,0,
292,9.733,voie1,0,
292,9.733,voie2,0,
292,9.733,voie3,0,
292,9.733,voie4,0,
292,9.733,voie5,0,
292,9.733,voie6,0,
293,9.767,voie1,0,
293,9.767,voie2,0,
293,9.767,voie3,0,
293,9.767,voie4,0,
293,9.767,voie5,0,
293,9.767,voie6,0,
294,9.800,voie1,0,
294,9.800,voie2,0,
294,9.800,voie3,0,
294,9.800,voie4,0,
294,9.800,voie5,0,
294,9.800,voie6,0,
295,9.833,voie1,0,
295,9.833,voie2,0,
295,9.833,voie3,0,
295,9.833,voie4,0,
295,9.833,voie5,0,
295,9.833,voie6,0,
296,9.867,voie1,0,
296,9.867,voie2,0,
296,9.867,voie3,0,
296,9.867,voie4,0,
296,9.867,voie5,0,
296,9.867,voie6,0,
297,9.900,voie1,0,
297,9.900,voie2,0,
297,9.900,voie3,0,
297,9.900,voie4,0,
297,9.900,voie5,0,
297,9.900,voie6,0,
298,9.933,voie1,0,
298,9.933,voie2,0,
298,9.933,voie3,0,
298,9.933,voie4,0,
298,9.933,voie5,0,
298,9.933,voie6,0,
299,9.967,voie1,0,
299,9.967,voie2,0,
299,9.967,voie3,0,
299,9.967,voie4,0,
299,9.967,voie5,0,
299,9.967,voie6,0,
300,10.000,voie1,0,
300,10.000,voie2,0,
300,10.000,voie3,0,
300,10.000,voie4,0,
300,10.000,voie5,0,
300,10.000,voie6,0,
301,10.033,voie1,0,
301,10.033,voie2,0,
301,10.033,voie3,0,
301,10.033,voie4,0,
301,10.033,voie5,0,
301,10.033,voie6,0,
302,10.067,voie1,0,
302,10.067,voie2,0,
302,10.067,voie3,0,
302,10.067,voie4,0,
302,10.067,voie5,0,
302,10.067,voie6,0,
303,10.100,voie1,0,
303,10.100,voie2,0,
303,10.100,voie3,0,
303,10.100,voie4,0,
303,10.100,voie5,0,
303,10.100,voie6,0,
304,10.133,voie1,0,
304,10.133,voie2,0,
304,10.133,voie3,0,
304,10.133,voie4,0,
304,10.133,voie5,0,
304,10.133,voie6,0,
305,10.167,voie1,0,
305,10.167,voie2,0,
305,10.167,voie3,0,
305,10.167,voie4,0,
305,10.167,voie5,0,
305,10.167,voie6,0,
306,10.200,voie1,0,
306,10.200,voie2,0,
306,10.200,voie3,0,
306,10.200,voie4,0,
306,10.200,voie5,0,
306,10.200,voie6,0,
307,10.233,voie1,0,
307,10.233,voie2,0,
307,10.233,voie3,0,
307,10.233,voie4,0,
307,10.233,voie5,0,
307,10.233,voie6,0,
308,10.267,voie1,0,
308,10.267,voie2,0,
308,10.267,voie3,0,
308,10.267,voie4,0,
308,10.267,voie5,0,
308,10.267,voie6,0,
309,10.300,voie1,0,
309,10.300,voie2,0,
309,10.300,voie3,0,
309,10.300,voie4,0,
309,10.300,voie5,0,
309,10.300,voie6,0,
310,10.333,voie1,0,
310,10.333,voie2,0,
310,10.333,voie3,0,
310,10.333,voie4,0,
310,10.333,voie5,0,
310,10.333,voie6,0,
311,10.367,voie1,0,
311,10.367,voie2,0,
311,10.367,voie3,0,
311,10.367,voie4,0,
311,10.367,voie5,0,
311,10.367,voie6,0,
312,10.400,voie1,0,
312,10.400,voie2,0,
312,10.400,voie3,0,
312,10.400,voie4,0,
312,10.400,voie5,0,
312,10.400,voie6,0,
313,10.433,voie1,0,
313,10.433,voie2,0,
313,10.433,voie3,0,
313,10.433,voie4,0,
313,10.433,voie5,0,
313,10.433,voie6,0,
314,10.467,voie1,0,
314,10.467,voie2,0,
314,10.467,voie3,0,
314,10.467,voie4,0,
314,10.467,voie5,0,
314,10.467,voie6,0,
315,10.500,voie1,0,
315,10.500,voie2,0,
315,10.500,voie3,0,
315,10.500,voie4,0,
315,10.500,voie5,0,
315,10.500,voie6,0,
316,10.533,voie1,0,
316,10.533,voie2,0,
316,10.533,voie3,0,
316,10.533,voie4,0,
316,10.533,voie5,0,
316,10.533,voie6,0,
317,10.567,voie1,0,
317,10.567,voie2,0,
317,10.567,voie3,0,
317,10.567,voie4,0,
317,10.567,voie5,0,
317,10.567,voie6,0,
318,10.600,voie1,0,
318,10.600,voie2,0,
318,10.600,voie3,0,
318,10.600,voie4,0,
318,10.600,voie5,0,
318,10.600,voie6,0,
319,10.633,voie1,0,
319,10.633,voie2,0,
319,10.633,voie3,0,
319,10.633,voie4,0,
319,10.633,voie5,0,
319,10.633,voie6,0,
320,10.667,voie1,0,
320,10.667,voie2,0,
320,10.667,voie3,0,
320,10.667,voie4,0,
320,10.667,voie5,0,
320,10.667,voie6,0,
321,10.700,voie1,0,
321,10.700,voie2,0,
321,10.700,voie3,0,
321,10.700,voie4,0,
321,10.700,voie5,0,
321,10.700,voie6,0,
322,10.733,voie1,0,
322,10.733,voie2,0,
322,10.733,voie3,0,
322,10.733,voie4,0,
322,10.733,voie5,0,
322,10.733,voie6,0,
323,10.767,voie1,0,
323,10.767,voie2,0,
323,10.767,voie3,0,
323,10.767,voie4,0,
323,10.767,voie5,0,
323,10.767,voie6,0,
324,10.800,voie1,0,
324,10.800,voie2,0,
324,10.800,voie3,0,
324,10.800,voie4,0,
324,10.800,voie5,0,
324,10.800,voie6,0,
325,10.833,voie1,0,
325,10.833,voie2,0,
325,10.833,voie3,0,
325,10.833,voie4,0,
325,10.833,voie5,0,
325,10.833,voie6,0,
326,10.867,voie1,0,
326,10.867,voie2,0,
326,10.867,voie3,0,
326,10.867,voie4,0,
326,10.867,voie5,0,
326,10.867,voie6,0,
327,10.900,voie1,0,
327,10.900,voie2,0,
327,10.900,voie3,0,
327,10.900,voie4,0,
327,10.900,voie5,0,
327,10.900,voie6,0,
328,10.933,voie1,0,
328,10.933,voie2,0,
328,10.933,voie3,0,
328,10.933,voie4,0,
328,10.933,voie5,0,
328,10.933,voie6,0,
329,10.967,voie1,0,
329,10.967,voie2,0,
329,10.967,voie3,0,
329,10.967,voie4,0,
329,10.967,voie5,0,
329,10.967,voie6,0,
330,11.000,voie1,0,
330,11.000,voie2,0,
330,11.000,voie3,0,
330,11.000,voie4,0,
330,11.000,voie5,0,
330,11.000,voie6,0,
331,11.033,voie1,0,
331,11.033,voie2,0,
331,11.033,voie3,0,
331,11.033,voie4,0,
331,11.033,voie5,0,
331,11.033,voie6,0,
332,11.067,voie1,0,
332,11.067,voie2,0,
332,11.067,voie3,0,
332,11.067,voie4,0,
332,11.067,voie5,0,
332,11.067,voie6,0,
333,11.100,voie1,0,
333,11.100,voie2,0,
333,11.100,voie3,0,
333,11.100,voie4,0,
333,11.100,voie5,0,
333,11.100,voie6,0,
334,11.133,voie1,0,
334,11.133,voie2,0,
334,11.133,voie3,0,
334,11.133,voie4,0,
334,11.133,voie5,0,
334,11.133,voie6,0,
335,11.167,voie1,0,
335,11.167,voie2,0,
335,11.167,voie3,0,
335,11.167,voie4,0,
335,11.167,voie5,0,
335,11.167,voie6,0,
336,11.200,voie1,0,
336,11.200,voie2,0,
336,11.200,voie3,0,
336,11.200,voie4,0,
336,11.200,voie5,0,
336,11.200,voie6,0,
337,11.233,voie1,0,
337,11.233,voie2,0,
337,11.233,voie3,0,
337,11.233,voie4,0,
337,11.233,voie5,0,
337,11.233,voie6,0,
338,11.267,voie1,0,
338,11.267,voie2,0,
338,11.267,voie3,0,
338,11.267,voie4,0,
338,11.267,voie5,0,
338,11.267,voie6,0,
339,11.300,voie1,0,
339,11.300,voie2,0,
339,11.300,voie3,0,
339,11.300,voie4,0,
339,11.300,voie5,0,
339,11.300,voie6,0,
340,11.333,voie1,0,
340,11.333,voie2,0,
340,11.333,voie3,0,
340,11.333,voie4,0,
340,11.333,voie5,0,
340,11.333,voie6,0,
341,11.367,voie1,0,
341,11.367,voie2,0,
341,11.367,voie3,0,
341,11.367,voie4,0,
341,11.367,voie5,0,
341,11.367,voie6,0,
342,11.400,voie1,0,
342,11.400,voie2,0,
342,11.400,voie3,0,
342,11.400,voie4,0,
342,11.400,voie5,0,
342,11.400,voie6,0,
343,11.433,voie1,0,
343,11.433,voie2,0,
343,11.433,voie3,0,
343,11.433,voie4,0,
343,11.433,voie5,0,
343,11.433,voie6,0,
344,11.467,voie1,0,
344,11.467,voie2,0,
344,11.467,voie3,0,
344,11.467,voie4,0,
344,11.467,voie5,0,
344,11.467,voie6,0,
345,11.500,voie1,0,
345,11.500,voie2,0,
345,11.500,voie3,0,
345,11.500,voie4,0,
345,11.500,voie5,0,
345,11.500,voie6,0,
346,11.533,voie1,0,
346,11.533,voie2,0,
346,11.533,voie3,0,
346,11.533,voie4,0,
346,11.533,voie5,0,
346,11.533,voie6,0,
347,11.567,voie1,0,
347,11.567,voie2,0,
347,11.567,voie3,0,
347,11.567,voie4,0,
347,11.567,voie5,0,
347,11.567,voie6,0,
348,11.600,voie1,0,
348,11.600,voie2,0,
348,11.600,voie3,0,
348,11.600,voie4,0,
348,11.600,voie5,0,
348,11.600,voie6,0,
349,11.633,voie1,0,
349,11.633,voie2,0,
349,11.633,voie3,0,
349,11.633,voie4,0,
349,11.633,voie5,0,
349,11.633,voie6,0,
350,11.667,voie1,0,
350,11.667,voie2,0,
350,11.667,voie3,0,
350,11.667,voie4,0,
350,11.667,voie5,0,
350,11.667,voie6,0,
351,11.700,voie1,0,
351,11.700,voie2,0,
351,11.700,voie3,0,
351,11.700,voie4,0,
351,11.700,voie5,0,
351,11.700,voie6,0,
352,11.733,voie1,0,
352,11.733,voie2,0,
352,11.733,voie3,0,
352,11.733,voie4,0,
352,11.733,voie5,0,
352,11.733,voie6,0,
353,11.767,voie1,0,
353,11.767,voie2,0,
353,11.767,voie3,0,
353,11.767,voie4,0,
353,11.767,voie5,0,
353,11.767,voie6,0,
354,11.800,voie1,0,
354,11.800,voie2,0,
354,11.800,voie3,0,
354,11.800,voie4,0,
354,11.800,voie5,0,
354,11.800,voie6,0,
355,11.833,voie1,0,
355,11.833,voie2,0,
355,11.833,voie3,0,
355,11.833,voie4,0,
355,11.833,voie5,0,
355,11.833,voie6,0,
356,11.867,voie1,0,
356,11.867,voie2,0,
356,11.867,voie3,0,
356,11.867,voie4,0,
356,11.867,voie5,0,
356,11.867,voie6,0,
357,11.900,voie1,0,
357,11.900,voie2,0,
357,11.900,voie3,0,
357,11.900,voie4,0,
357,11.900,voie5,0,
357,11.900,voie6,0,
358,11.933,voie1,0,
358,11.933,voie2,0,
358,11.933,voie3,0,
358,11.933,voie4,0,
358,11.933,voie5,0,
358,11.933,voie6,0,
359,11.967,voie1,0,
359,11.967,voie2,0,
359,11.967,voie3,0,
359,11.967,voie4,0,
359,11.967,voie5,0,
359,11.967,voie6,0,
360,12.000,voie1,0,
360,12.000,voie2,0,
360,12.000,voie3,0,
360,12.000,voie4,0,
360,12.000,voie5,0,
360,12.000,voie6,0,
361,12.033,voie1,0,
361,12.033,voie2,0,
361,12.033,voie3,0,
361,12.033,voie4,0,
361,12.033,voie5,0,
361,12.033,voie6,0,
362,12.067,voie1,0,
362,12.067,voie2,0,
362,12.067,voie3,0,
362,12.067,voie4,0,
362,12.067,voie5,0,
362,12.067,voie6,0,
363,12.100,voie1,0,
363,12.100,voie2,0,
363,12.100,voie3,0,
363,12.100,voie4,0,
363,12.100,voie5,0,
363,12.100,voie6,0,
364,12.133,voie1,0,
364,12.133,voie2,0,
364,12.133,voie3,0,
364,12.133,voie4,0,
364,12.133,voie5,0,
364,12.133,voie6,0,
365,12.167,voie1,0,
365,12.167,voie2,0,
365,12.167,voie3,0,
365,12.167,voie4,0,
365,12.167,voie5,0,
365,12.167,voie6,0,
366,12.200,voie1,0,
366,12.200,voie2,0,
366,12.200,voie3,0,
366,12.200,voie4,0,
366,12.200,voie5,0,
366,12.200,voie6,0,
367,12.233,voie1,0,
367,12.233,voie2,0,
367,12.233,voie3,0,
367,12.233,voie4,0,
367,12.233,voie5,0,
367,12.233,voie6,0,
368,12.267,voie1,0,
368,12.267,voie2,0,
368,12.267,voie3,0,
368,12.267,voie4,0,
368,12.267,voie5,0,
368,12.267,voie6,0,
369,12.300,voie1,0,
369,12.300,voie2,0,
369,12.300,voie3,0,
369,12.300,voie4,0,
369,12.300,voie5,0,
369,12.300,voie6,0,
370,12.333,voie1,0,
370,12.333,voie2,0,
370,12.333,voie3,0,
370,12.333,voie4,0,
370,12.333,voie5,0,
370,12.333,voie6,0,
371,12.367,voie1,0,
371,12.367,voie2,0,
371,12.367,voie3,0,
371,12.367,voie4,0,
371,12.367,voie5,0,
371,12.367,voie6,0,
372,12.400,voie1,0,
372,12.400,voie2,0,
372,12.400,voie3,0,
372,12.400,voie4,0,
372,12.400,voie5,0,
372,12.400,voie6,0,
373,12.433,voie1,0,
373,12.433,voie2,0,
373,12.433,voie3,0,
373,12.433,voie4,0,
373,12.433,voie5,0,
373,12.433,voie6,0,
374,12.467,voie1,0,
374,12.467,voie2,0,
374,12.467,voie3,0,
374,12.467,voie4,0,
374,12.467,voie5,0,
374,12.467,voie6,0,
375,12.500,voie1,0,
375,12.500,voie2,0,
375,12.500,voie3,0,
375,12.500,voie4,0,
375,12.500,voie5,0,
375,12.500,voie6,0,
376,12.533,voie1,0,
376,12.533,voie2,0,
376,12.533,voie3,0,
376,12.533,voie4,0,
376,12.533,voie5,0,
376,12.533,voie6,0,
377,12.567,voie1,0,
377,12.567,voie2,0,
377,12.567,voie3,0,
377,12.567,voie4,0,
377,12.567,voie5,0,
377,12.567,voie6,0,
378,12.600,voie1,0,
378,12.600,voie2,0,
378,12.600,voie3,0,
378,12.600,voie4,0,
378,12.600,voie5,0,
378,12.600,voie6,0,
379,12.633,voie1,0,
379,12.633,voie2,0,
379,12.633,voie3,0,
379,12.633,voie4,0,
379,12.633,voie5,0,
379,12.633,voie6,0,
380,12.667,voie1,0,
380,12.667,voie2,0,
380,12.667,voie3,0,
380,12.667,voie4,0,
380,12.667,voie5,0,
380,12.667,voie6,0,
381,12.700,voie1,0,
381,12.700,voie2,0,
381,12.700,voie3,0,
381,12.700,voie4,0,
381,12.700,voie5,0,
381,12.700,voie6,0,
382,12.733,voie1,0,
382,12.733,voie2,0,
382,12.733,voie3,0,
382,12.733,voie4,0,
382,12.733,voie5,0,
382,12.733,voie6,0,
383,12.767,voie1,0,
383,12.767,voie2,0,
383,12.767,voie3,0,
383,12.767,voie4,0,
383,12.767,voie5,0,
383,12.767,voie6,0,
384,12.800,voie1,0,
384,12.800,voie2,0,
384,12.800,voie3,0,
384,12.800,voie4,0,
384,12.800,voie5,0,
384,12.800,voie6,0,
385,12.833,voie1,0,
385,12.833,voie2,0,
385,12.833,voie3,0,
385,12.833,voie4,0,
385,12.833,voie5,0,
385,12.833,voie6,0,
386,12.867,voie1,0,
386,12.867,voie2,0,
386,12.867,voie3,0,
386,12.867,voie4,0,
386,12.867,voie5,0,
386,12.867,voie6,0,
387,12.900,voie1,0,
387,12.900,voie2,0,
387,12.900,voie3,0,
387,12.900,voie4,0,
387,12.900,voie5,0,
387,12.900,voie6,0,
388,12.933,voie1,0,
388,12.933,voie2,0,
388,12.933,voie3,0,
388,12.933,voie4,0,
388,12.933,voie5,0,
388,12.933,voie6,0,
389,12.967,voie1,0,
389,12.967,voie2,0,
389,12.967,voie3,0,
389,12.967,voie4,0,
389,12.967,voie5,0,
389,12.967,voie6,0,
390,13.000,voie1,0,
390,13.000,voie2,0,
390,13.000,voie3,0,
390,13.000,voie4,0,
390,13.000,voie5,0,
390,13.000,voie6,0,
391,13.033,voie1,0,
391,13.033,voie2,0,
391,13.033,voie3,0,
391,13.033,voie4,0,
391,13.033,voie5,0,
391,13.033,voie6,0,
392,13.067,voie1,0,
392,13.067,voie2,0,
392,13.067,voie3,0,
392,13.067,voie4,0,
392,13.067,voie5,0,
392,13.067,voie6,0,
393,13.100,voie1,0,
393,13.100,voie2,0,
393,13.100,voie3,0,
393,13.100,voie4,0,
393,13.100,voie5,0,
393,13.100,voie6,0,
394,13.133,voie1,0,
394,13.133,voie2,0,
394,13.133,voie3,0,
394,13.133,voie4,0,
394,13.133,voie5,0,
394,13.133,voie6,0,
395,13.167,voie1,0,
395,13.167,voie2,0,
395,13.167,voie3,0,
395,13.167,voie4,0,
395,13.167,voie5,0,
395,13.167,voie6,0,
396,13.200,voie1,0,
396,13.200,voie2,0,
396,13.200,voie3,0,
396,13.200,voie4,0,
396,13.200,voie5,0,
396,13.200,voie6,0,
397,13.233,voie1,0,
397,13.233,voie2,0,
397,13.233,voie3,0,
397,13.233,voie4,0,
397,13.233,voie5,0,
397,13.233,voie6,0,
398,13.267,voie1,0,
398,13.267,voie2,0,
398,13.267,voie3,0,
398,13.267,voie4,0,
398,13.267,voie5,0,
398,13.267,voie6,0,
399,13.300,voie1,0,
399,13.300,voie2,0,
399,13.300,voie3,0,
399,13.300,voie4,0,
399,13.300,voie5,0,
399,13.300,voie6,0,
400,13.333,voie1,0,
400,13.333,voie2,0,
400,13.333,voie3,0,
400,13.333,voie4,0,
400,13.333,voie5,0,
400,13.333,voie6,0,
401,13.367,voie1,0,
401,13.367,voie2,0,
401,13.367,voie3,0,
401,13.367,voie4,0,
401,13.367,voie5,0,
401,13.367,voie6,0,
402,13.400,voie1,0,
402,13.400,voie2,0,
402,13.400,voie3,0,
402,13.400,voie4,0,
402,13.400,voie5,0,
402,13.400,voie6,0,
403,13.433,voie1,0,
403,13.433,voie2,0,
403,13.433,voie3,0,
403,13.433,voie4,0,
403,13.433,voie5,0,
403,13.433,voie6,0,
404,13.467,voie1,0,
404,13.467,voie2,0,
404,13.467,voie3,0,
404,13.467,voie4,0,
404,13.467,voie5,0,
404,13.467,voie6,0,
405,13.500,voie1,0,
405,13.500,voie2,0,
405,13.500,voie3,0,
405,13.500,voie4,0,
405,13.500,voie5,0,
405,13.500,voie6,0,
406,13.533,voie1,0,
406,13.533,voie2,0,
406,13.533,voie3,0,
406,13.533,voie4,0,
406,13.533,voie5,0,
406,13.533,voie6,0,
407,13.567,voie1,0,
407,13.567,voie2,0,
407,13.567,voie3,0,
407,13.567,voie4,0,
407,13.567,voie5,0,
407,13.567,voie6,0,
408,13.600,voie1,0,
408,13.600,voie2,0,
408,13.600,voie3,0,
408,13.600,voie4,0,
408,13.600,voie5,0,
408,13.600,voie6,0,
409,13.633,voie1,0,
409,13.633,voie2,0,
409,13.633,voie3,0,
409,13.633,voie4,0,
409,13.633,voie5,0,
409,13.633,voie6,0,
410,13.667,voie1,0,
410,13.667,voie2,0,
410,13.667,voie3,0,
410,13.667,voie4,0,
410,13.667,voie5,0,
410,13.667,voie6,0,
411,13.700,voie1,0,
411,13.700,voie2,0,
411,13.700,voie3,0,
411,13.700,voie4,0,
411,13.700,voie5,0,
411,13.700,voie6,0,
412,13.733,voie1,0,
412,13.733,voie2,0,
412,13.733,voie3,0,
412,13.733,voie4,0,
412,13.733,voie5,0,
412,13.733,voie6,0,
413,13.767,voie1,0,
413,13.767,voie2,0,
413,13.767,voie3,0,
413,13.767,voie4,0,
413,13.767,voie5,0,
413,13.767,voie6,0,
414,13.800,voie1,0,
414,13.800,voie2,0,
414,13.800,voie3,0,
414,13.800,voie4,0,
414,13.800,voie5,0,
414,13.800,voie6,0,
415,13.833,voie1,0,
415,13.833,voie2,0,
415,13.833,voie3,0,
415,13.833,voie4,0,
415,13.833,voie5,0,
415,13.833,voie6,0,
416,13.867,voie1,0,
416,13.867,voie2,0,
416,13.867,voie3,0,
416,13.867,voie4,0,
416,13.867,voie5,0,
416,13.867,voie6,0,
417,13.900,voie1,0,
417,13.900,voie2,0,
417,13.900,voie3,0,
417,13.900,voie4,0,
417,13.900,voie5,0,
417,13.900,voie6,0,
418,13.933,voie1,0,
418,13.933,voie2,0,
418,13.933,voie3,0,
418,13.933,voie4,0,
418,13.933,voie5,0,
418,13.933,voie6,0,
419,13.967,voie1,0,
419,13.967,voie2,0,
419,13.967,voie3,0,
419,13.967,voie4,0,
419,13.967,voie5,0,
419,13.967,voie6,0,
420,14.000,voie1,0,
420,14.000,voie2,0,
420,14.000,voie3,0,
420,14.000,voie4,0,
420,14.000,voie5,0,
420,14.000,voie6,0,
421,14.033,voie1,0,
421,14.033,voie2,0,
421,14.033,voie3,0,
421,14.033,voie4,0,
421,14.033,voie5,0,
421,14.033,voie6,0,
422,14.067,voie1,0,
422,14.067,voie2,0,
422,14.067,voie3,0,
422,14.067,voie4,0,
422,14.067,voie5,0,
422,14.067,voie6,0,
423,14.100,voie1,0,
423,14.100,voie2,0,
423,14.100,voie3,0,
423,14.100,voie4,0,
423,14.100,voie5,0,
423,14.100,voie6,0,
424,14.133,voie1,0,
424,14.133,voie2,0,
424,14.133,voie3,0,
424,14.133,voie4,0,
424,14.133,voie5,0,
424,14.133,voie6,0,
425,14.167,voie1,0,
425,14.167,voie2,0,
425,14.167,voie3,0,
425,14.167,voie4,0,
425,14.167,voie5,0,
425,14.167,voie6,0,
426,14.200,voie1,0,
426,14.200,voie2,0,
426,14.200,voie3,0,
426,14.200,voie4,0,
426,14.200,voie5,0,
426,14.200,voie6,0,
427,14.233,voie1,0,
427,14.233,voie2,0,
427,14.233,voie3,0,
427,14.233,voie4,0,
427,14.233,voie5,0,
427,14.233,voie6,0,
428,14.267,voie1,0,
428,14.267,voie2,0,
428,14.267,voie3,0,
428,14.267,voie4,0,
428,14.267,voie5,0,
428,14.267,voie6,0,
429,14.300,voie1,0,
429,14.300,voie2,0,
429,14.300,voie3,0,
429,14.300,voie4,0,
429,14.300,voie5,0,
429,14.300,voie6,0,
430,14.333,voie1,0,
430,14.333,voie2,0,
430,14.333,voie3,0,
430,14.333,voie4,0,
430,14.333,voie5,0,
430,14.333,voie6,0,
431,14.367,voie1,0,
431,14.367,voie2,0,
431,14.367,voie3,0,
431,14.367,voie4,0,
431,14.367,voie5,0,
431,14.367,voie6,0,
432,14.400,voie1,0,
432,14.400,voie2,0,
432,14.400,voie3,0,
432,14.400,voie4,0,
432,14.400,voie5,0,
432,14.400,voie6,0,
433,14.433,voie1,0,
433,14.433,voie2,0,
433,14.433,voie3,0,
433,14.433,voie4,0,
433,14.433,voie5,0,
433,14.433,voie6,0,
434,14.467,voie1,0,
434,14.467,voie2,0,
434,14.467,voie3,0,
434,14.467,voie4,0,
434,14.467,voie5,0,
434,14.467,voie6,0,
435,14.500,voie1,0,
435,14.500,voie2,0,
435,14.500,voie3,0,
435,14.500,voie4,0,
435,14.500,voie5,0,
435,14.500,voie6,0,
436,14.533,voie1,0,
436,14.533,voie2,0,
436,14.533,voie3,0,
436,14.533,voie4,0,
436,14.533,voie5,0,
436,14.533,voie6,0,
437,14.567,voie1,0,
437,14.567,voie2,0,
437,14.567,voie3,0,
437,14.567,voie4,0,
437,14.567,voie5,0,
437,14.567,voie6,0,
438,14.600,voie1,0,
438,14.600,voie2,0,
438,14.600,voie3,0,
438,14.600,voie4,0,
438,14.600,voie5,0,
438,14.600,voie6,0,
439,14.633,voie1,0,
439,14.633,voie2,0,
439,14.633,voie3,0,
439,14.633,voie4,0,
439,14.633,voie5,0,
439,14.633,voie6,0,
440,14.667,voie1,0,
440,14.667,voie2,0,
440,14.667,voie3,0,
440,14.667,voie4,0,
440,14.667,voie5,0,
440,14.667,voie6,0,
441,14.700,voie1,0,
441,14.700,voie2,0,
441,14.700,voie3,0,
441,14.700,voie4,0,
441,14.700,voie5,0,
441,14.700,voie6,0,
442,14.733,voie1,0,
442,14.733,voie2,0,
442,14.733,voie3,0,
442,14.733,voie4,0,
442,14.733,voie5,0,
442,14.733,voie6,0,
443,14.767,voie1,0,
443,14.767,voie2,0,
443,14.767,voie3,0,
443,14.767,voie4,0,
443,14.767,voie5,0,
443,14.767,voie6,0,
444,14.800,voie1,0,
444,14.800,voie2,0,
444,14.800,voie3,0,
444,14.800,voie4,0,
444,14.800,voie5,0,
444,14.800,voie6,0,
445,14.833,voie1,0,
445,14.833,voie2,0,
445,14.833,voie3,0,
445,14.833,voie4,0,
445,14.833,voie5,0,
445,14.833,voie6,0,
446,14.867,voie1,0,
446,14.867,voie2,0,
446,14.867,voie3,0,
446,14.867,voie4,0,
446,14.867,voie5,0,
446,14.867,voie6,0,
447,14.900,voie1,0,
447,14.900,voie2,0,
447,14.900,voie3,0,
447,14.900,voie4,0,
447,14.900,voie5,0,
447,14.900,voie6,0,
448,14.933,voie1,0,
448,14.933,voie2,0,
448,14.933,voie3,0,
448,14.933,voie4,0,
448,14.933,voie5,0,
448,14.933,voie6,0,
449,14.967,voie1,0,
449,14.967,voie2,0,
449,14.967,voie3,0,
449,14.967,voie4,0,
449,14.967,voie5,0,
449,14.967,voie6,0,
450,15.000,voie1,0,
450,15.000,voie2,0,
450,15.000,voie3,0,
450,15.000,voie4,0,
450,15.000,voie5,0,
450,15.000,voie6,0,
451,15.033,voie1,0,
451,15.033,voie2,0,
451,15.033,voie3,0,
451,15.033,voie4,0,
451,15.033,voie5,0,
451,15.033,voie6,0,
452,15.067,voie1,0,
452,15.067,voie2,0,
452,15.067,voie3,0,
452,15.067,voie4,0,
452,15.067,voie5,0,
452,15.067,voie6,0,
453,15.100,voie1,0,
453,15.100,voie2,0,
453,15.100,voie3,0,
453,15.100,voie4,0,
453,15.100,voie5,0,
453,15.100,voie6,0,
454,15.133,voie1,0,
454,15.133,voie2,0,
454,15.133,voie3,0,
454,15.133,voie4,0,
454,15.133,voie5,0,
454,15.133,voie6,0,
455,15.167,voie1,0,
455,15.167,voie2,0,
455,15.167,voie3,0,
455,15.167,voie4,0,
455,15.167,voie5,0,
455,15.167,voie6,0,
456,15.200,voie1,0,
456,15.200,voie2,0,
456,15.200,voie3,0,
456,15.200,voie4,0,
456,15.200,voie5,0,
456,15.200,voie6,0,
457,15.233,voie1,0,
457,15.233,voie2,0,
457,15.233,voie3,0,
457,15.233,voie4,0,
457,15.233,voie5,0,
457,15.233,voie6,0,
458,15.267,voie1,0,
458,15.267,voie2,0,
458,15.267,voie3,0,
458,15.267,voie4,0,
458,15.267,voie5,0,
458,15.267,voie6,0,
459,15.300,voie1,0,
459,15.300,voie2,0,
459,15.300,voie3,0,
459,15.300,voie4,0,
459,15.300,voie5,0,
459,15.300,voie6,0,
460,15.333,voie1,0,
460,15.333,voie2,0,
460,15.333,voie3,0,
460,15.333,voie4,0,
460,15.333,voie5,0,
460,15.333,voie6,0,
461,15.367,voie1,0,
461,15.367,voie2,0,
461,15.367,voie3,0,
461,15.367,voie4,0,
461,15.367,voie5,0,
461,15.367,voie6,0,
462,15.400,voie1,0,
462,15.400,voie2,0,
462,15.400,voie3,0,
462,15.400,voie4,0,
462,15.400,voie5,0,
462,15.400,voie6,0,
463,15.433,voie1,0,
463,15.433,voie2,0,
463,15.433,voie3,0,
463,15.433,voie4,0,
463,15.433,voie5,0,
463,15.433,voie6,0,
464,15.467,voie1,0,
464,15.467,voie2,0,
464,15.467,voie3,0,
464,15.467,voie4,0,
464,15.467,voie5,0,
464,15.467,voie6,0,
465,15.500,voie1,0,
465,15.500,voie2,0,
465,15.500,voie3,0,
465,15.500,voie4,0,
465,15.500,voie5,0,
465,15.500,voie6,0,
466,15.533,voie1,0,
466,15.533,voie2,0,
466,15.533,voie3,0,
466,15.533,voie4,0,
466,15.533,voie5,0,
466,15.533,voie6,0,
467,15.567,voie1,0,
467,15.567,voie2,0,
467,15.567,voie3,0,
467,15.567,voie4,0,
467,15.567,voie5,0,
467,15.567,voie6,0,
468,15.600,voie1,0,
468,15.600,voie2,0,
468,15.600,voie3,0,
468,15.600,voie4,0,
468,15.600,voie5,0,
468,15.600,voie6,0,
469,15.633,voie1,0,
469,15.633,voie2,0,
469,15.633,voie3,0,
469,15.633,voie4,0,
469,15.633,voie5,0,
469,15.633,voie6,0,
470,15.667,voie1,0,
470,15.667,voie2,0,
470,15.667,voie3,0,
470,15.667,voie4,0,
470,15.667,voie5,0,
470,15.667,voie6,0,
471,15.700,voie1,0,
471,15.700,voie2,0,
471,15.700,voie3,0,
471,15.700,voie4,0,
471,15.700,voie5,0,
471,15.700,voie6,0,
472,15.733,voie1,0,
472,15.733,voie2,0,
472,15.733,voie3,0,
472,15.733,voie4,0,
472,15.733,voie5,0,
472,15.733,voie6,0,
473,15.767,voie1,0,
473,15.767,voie2,0,
473,15.767,voie3,0,
473,15.767,voie4,0,
473,15.767,voie5,0,
473,15.767,voie6,0,
474,15.800,voie1,0,
474,15.800,voie2,0,
474,15.800,voie3,0,
474,15.800,voie4,0,
474,15.800,voie5,0,
474,15.800,voie6,0,
475,15.833,voie1,0,
475,15.833,voie2,0,
475,15.833,voie3,0,
475,15.833,voie4,0,
475,15.833,voie5,0,
475,15.833,voie6,0,
476,15.867,voie1,0,
476,15.867,voie2,0,
476,15.867,voie3,0,
476,15.867,voie4,0,
476,15.867,voie5,0,
476,15.867,voie6,0,
477,15.900,voie1,0,
477,15.900,voie2,0,
477,15.900,voie3,0,
477,15.900,voie4,0,
477,15.900,voie5,0,
477,15.900,voie6,0,
478,15.933,voie1,0,
478,15.933,voie2,0,
478,15.933,voie3,0,
478,15.933,voie4,0,
478,15.933,voie5,0,
478,15.933,voie6,0,
479,15.967,voie1,0,
479,15.967,voie2,0,
479,15.967,voie3,0,
479,15.967,voie4,0,
479,15.967,voie5,0,
479,15.967,voie6,0,
480,16.000,voie1,0,
480,16.000,voie2,0,
480,16.000,voie3,0,
480,16.000,voie4,0,
480,16.000,voie5,0,
480,16.000,voie6,0,
481,16.033,voie1,0,
481,16.033,voie2,0,
481,16.033,voie3,0,
481,16.033,voie4,0,
481,16.033,voie5,0,
481,16.033,voie6,0,
482,16.067,voie1,0,
482,16.067,voie2,0,
482,16.067,voie3,0,
482,16.067,voie4,0,
482,16.067,voie5,0,
482,16.067,voie6,0,
483,16.100,voie1,0,
483,16.100,voie2,0,
483,16.100,voie3,0,
483,16.100,voie4,0,
483,16.100,voie5,0,
483,16.100,voie6,0,
484,16.133,voie1,0,
484,16.133,voie2,0,
484,16.133,voie3,0,
484,16.133,voie4,0,
484,16.133,voie5,0,
484,16.133,voie6,0,
485,16.167,voie1,0,
485,16.167,voie2,0,
485,16.167,voie3,0,
485,16.167,voie4,0,
485,16.167,voie5,0,
485,16.167,voie6,0,
486,16.200,voie1,0,
486,16.200,voie2,0,
486,16.200,voie3,0,
486,16.200,voie4,0,
486,16.200,voie5,0,
486,16.200,voie6,0,
487,16.233,voie1,0,
487,16.233,voie2,0,
487,16.233,voie3,0,
487,16.233,voie4,0,
487,16.233,voie5,0,
487,16.233,voie6,0,
488,16.267,voie1,0,
488,16.267,voie2,0,
488,16.267,voie3,0,
488,16.267,voie4,0,
488,16.267,voie5,0,
488,16.267,voie6,0,
489,16.300,voie1,0,
489,16.300,voie2,0,
489,16.300,voie3,0,
489,16.300,voie4,0,
489,16.300,voie5,0,
489,16.300,voie6,0,
490,16.333,voie1,0,
490,16.333,voie2,0,
490,16.333,voie3,0,
490,16.333,voie4,0,
490,16.333,voie5,0,
490,16.333,voie6,0,
491,16.367,voie1,0,
491,16.367,voie2,0,
491,16.367,voie3,0,
491,16.367,voie4,0,
491,16.367,voie5,0,
491,16.367,voie6,0,
492,16.400,voie1,0,
492,16.400,voie2,0,
492,16.400,voie3,0,
492,16.400,voie4,0,
492,16.400,voie5,0,
492,16.400,voie6,0,
493,16.433,voie1,0,
493,16.433,voie2,0,
493,16.433,voie3,0,
493,16.433,voie4,0,
493,16.433,voie5,0,
493,16.433,voie6,0,
494,16.467,voie1,0,
494,16.467,voie2,0,
494,16.467,voie3,0,
494,16.467,voie4,0,
494,16.467,voie5,0,
494,16.467,voie6,0,
495,16.500,voie1,0,
495,16.500,voie2,0,
495,16.500,voie3,0,
495,16.500,voie4,0,
495,16.500,voie5,0,
495,16.500,voie6,0,
496,16.533,voie1,0,
496,16.533,voie2,0,
496,16.533,voie3,0,
496,16.533,voie4,0,
496,16.533,voie5,0,
496,16.533,voie6,0,
497,16.567,voie1,0,
497,16.567,voie2,0,
497,16.567,voie3,0,
497,16.567,voie4,0,
497,16.567,voie5,0,
497,16.567,voie6,0,
498,16.600,voie1,0,
498,16.600,voie2,0,
498,16.600,voie3,0,
498,16.600,voie4,0,
498,16.600,voie5,0,
498,16.600,voie6,0,
499,16.633,voie1,0,
499,16.633,voie2,0,
499,16.633,voie3,0,
499,16.633,voie4,0,
499,16.633,voie5,0,
499,16.633,voie6,0,
500,16.667,voie1,0,
500,16.667,voie2,0,
500,16.667,voie3,0,
500,16.667,voie4,0,
500,16.667,voie5,0,
500,16.667,voie6,0,
501,16.700,voie1,0,
501,16.700,voie2,0,
501,16.700,voie3,0,
501,16.700,voie4,0,
501,16.700,voie5,0,
501,16.700,voie6,0,
502,16.733,voie1,0,
502,16.733,voie2,0,
502,16.733,voie3,0,
502,16.733,voie4,0,
502,16.733,voie5,0,
502,16.733,voie6,0,
503,16.767,voie1,0,
503,16.767,voie2,0,
503,16.767,voie3,0,
503,16.767,voie4,0,
503,16.767,voie5,0,
503,16.767,voie6,0,
504,16.800,voie1,0,
504,16.800,voie2,0,
504,16.800,voie3,0,
504,16.800,voie4,0,
504,16.800,voie5,0,
504,16.800,voie6,0,
505,16.833,voie1,0,
505,16.833,voie2,0,
505,16.833,voie3,0,
505,16.833,voie4,0,
505,16.833,voie5,0,
505,16.833,voie6,0,
506,16.867,voie1,0,
506,16.867,voie2,0,
506,16.867,voie3,0,
506,16.867,voie4,0,
506,16.867,voie5,0,
506,16.867,voie6,0,
507,16.900,voie1,0,
507,16.900,voie2,0,
507,16.900,voie3,0,
507,16.900,voie4,0,
507,16.900,voie5,0,
507,16.900,voie6,0,
508,16.933,voie1,0,
508,16.933,voie2,0,
508,16.933,voie3,0,
508,16.933,voie4,0,
508,16.933,voie5,0,
508,16.933,voie6,0,
509,16.967,voie1,0,
509,16.967,voie2,0,
509,16.967,voie3,0,
509,16.967,voie4,0,
509,16.967,voie5,0,
509,16.967,voie6,0,
510,17.000,voie1,0,
510,17.000,voie2,0,
510,17.000,voie3,0,
510,17.000,voie4,0,
510,17.000,voie5,0,
510,17.000,voie6,0,
511,17.033,voie1,0,
511,17.033,voie2,0,
511,17.033,voie3,0,
511,17.033,voie4,0,
511,17.033,voie5,0,
511,17.033,voie6,0,
512,17.067,voie1,0,
512,17.067,voie2,0,
512,17.067,voie3,0,
512,17.067,voie4,0,
512,17.067,voie5,0,
512,17.067,voie6,0,
513,17.100,voie1,0,
513,17.100,voie2,0,
513,17.100,voie3,0,
513,17.100,voie4,0,
513,17.100,voie5,0,
513,17.100,voie6,0,
514,17.133,voie1,0,
514,17.133,voie2,0,
514,17.133,voie3,0,
514,17.133,voie4,0,
514,17.133,voie5,0,
514,17.133,voie6,0,
515,17.167,voie1,0,
515,17.167,voie2,0,
515,17.167,voie3,0,
515,17.167,voie4,0,
515,17.167,voie5,0,
515,17.167,voie6,0,
516,17.200,voie1,0,
516,17.200,voie2,0,
516,17.200,voie3,0,
516,17.200,voie4,0,
516,17.200,voie5,0,
516,17.200,voie6,0,
517,17.233,voie1,0,
517,17.233,voie2,0,
517,17.233,voie3,0,
517,17.233,voie4,0,
517,17.233,voie5,0,
517,17.233,voie6,0,
518,17.267,voie1,0,
518,17.267,voie2,0,
518,17.267,voie3,0,
518,17.267,voie4,0,
518,17.267,voie5,0,
518,17.267,voie6,0,
519,17.300,voie1,0,
519,17.300,voie2,0,
519,17.300,voie3,0,
519,17.300,voie4,0,
519,17.300,voie5,0,
519,17.300,voie6,0,
520,17.333,voie1,0,
520,17.333,voie2,0,
520,17.333,voie3,0,
520,17.333,voie4,0,
520,17.333,voie5,0,
520,17.333,voie6,0,
521,17.367,voie1,0,
521,17.367,voie2,0,
521,17.367,voie3,0,
521,17.367,voie4,0,
521,17.367,voie5,0,
521,17.367,voie6,0,
522,17.400,voie1,0,
522,17.400,voie2,0,
522,17.400,voie3,0,
522,17.400,voie4,0,
522,17.400,voie5,0,
522,17.400,voie6,0,
523,17.433,voie1,0,
523,17.433,voie2,0,
523,17.433,voie3,0,
523,17.433,voie4,0,
523,17.433,voie5,0,
523,17.433,voie6,0,
524,17.467,voie1,0,
524,17.467,voie2,0,
524,17.467,voie3,0,
524,17.467,voie4,0,
524,17.467,voie5,0,
524,17.467,voie6,0,
525,17.500,voie1,0,
525,17.500,voie2,0,
525,17.500,voie3,0,
525,17.500,voie4,0,
525,17.500,voie5,0,
525,17.500,voie6,0,
526,17.533,voie1,0,
526,17.533,voie2,0,
526,17.533,voie3,0,
526,17.533,voie4,0,
526,17.533,voie5,0,
526,17.533,voie6,0,
527,17.567,voie1,0,
527,17.567,voie2,0,
527,17.567,voie3,0,
527,17.567,voie4,0,
527,17.567,voie5,0,
527,17.567,voie6,0,
528,17.600,voie1,0,
528,17.600,voie2,0,
528,17.600,voie3,0,
528,17.600,voie4,0,
528,17.600,voie5,0,
528,17.600,voie6,0,
529,17.633,voie1,0,
529,17.633,voie2,0,
529,17.633,voie3,0,
529,17.633,voie4,0,
529,17.633,voie5,0,
529,17.633,voie6,0,
530,17.667,voie1,0,
530,17.667,voie2,0,
530,17.667,voie3,0,
530,17.667,voie4,0,
530,17.667,voie5,0,
530,17.667,voie6,0,
531,17.700,voie1,0,
531,17.700,voie2,0,
531,17.700,voie3,0,
531,17.700,voie4,0,
531,17.700,voie5,0,
531,17.700,voie6,0,
532,17.733,voie1,0,
532,17.733,voie2,0,
532,17.733,voie3,0,
532,17.733,voie4,0,
532,17.733,voie5,0,
532,17.733,voie6,0,
533,17.767,voie1,0,
533,17.767,voie2,0,
533,17.767,voie3,0,
533,17.767,voie4,0,
533,17.767,voie5,0,
533,17.767,voie6,0,
534,17.800,voie1,0,
534,17.800,voie2,0,
534,17.800,voie3,0,
534,17.800,voie4,0,
534,17.800,voie5,0,
534,17.800,voie6,0,
535,17.833,voie1,0,
535,17.833,voie2,0,
535,17.833,voie3,0,
535,17.833,voie4,0,
535,17.833,voie5,0,
535,17.833,voie6,0,
536,17.867,voie1,0,
536,17.867,voie2,0,
536,17.867,voie3,0,
536,17.867,voie4,0,
536,17.867,voie5,0,
536,17.867,voie6,0,
537,17.900,voie1,0,
537,17.900,voie2,0,
537,17.900,voie3,0,
537,17.900,voie4,0,
537,17.900,voie5,0,
537,17.900,voie6,0,
538,17.933,voie1,0,
538,17.933,voie2,0,
538,17.933,voie3,0,
538,17.933,voie4,0,
538,17.933,voie5,0,
538,17.933,voie6,0,
539,17.967,voie1,0,
539,17.967,voie2,0,
539,17.967,voie3,0,
539,17.967,voie4,0,
539,17.967,voie5,0,
539,17.967,voie6,0,
540,18.000,voie1,0,
540,18.000,voie2,0,
540,18.000,voie3,0,
540,18.000,voie4,0,
540,18.000,voie5,0,
540,18.000,voie6,0,
541,18.033,voie1,0,
541,18.033,voie2,0,
541,18.033,voie3,0,
541,18.033,voie4,0,
541,18.033,voie5,0,
541,18.033,voie6,0,
542,18.067,voie1,0,
542,18.067,voie2,0,
542,18.067,voie3,0,
542,18.067,voie4,0,
542,18.067,voie5,0,
542,18.067,voie6,0,
543,18.100,voie1,0,
543,18.100,voie2,0,
543,18.100,voie3,0,
543,18.100,voie4,0,
543,18.100,voie5,0,
543,18.100,voie6,0,
544,18.133,voie1,0,
544,18.133,voie2,0,
544,18.133,voie3,0,
544,18.133,voie4,0,
544,18.133,voie5,0,
544,18.133,voie6,0,
545,18.167,voie1,0,
545,18.167,voie2,0,
545,18.167,voie3,0,
545,18.167,voie4,0,
545,18.167,voie5,0,
545,18.167,voie6,0,
546,18.200,voie1,0,
546,18.200,voie2,0,
546,18.200,voie3,0,
546,18.200,voie4,0,
546,18.200,voie5,0,
546,18.200,voie6,0,
547,18.233,voie1,0,
547,18.233,voie2,0,
547,18.233,voie3,0,
547,18.233,voie4,0,
547,18.233,voie5,0,
547,18.233,voie6,0,
548,18.267,voie1,0,
548,18.267,voie2,0,
548,18.267,voie3,0,
548,18.267,voie4,0,
548,18.267,voie5,0,
548,18.267,voie6,0,
549,18.300,voie1,0,
549,18.300,voie2,0,
549,18.300,voie3,0,
549,18.300,voie4,0,
549,18.300,voie5,0,
549,18.300,voie6,0,
550,18.333,voie1,0,
550,18.333,voie2,0,
550,18.333,voie3,0,
550,18.333,voie4,0,
550,18.333,voie5,0,
550,18.333,voie6,0,
551,18.367,voie1,0,
551,18.367,voie2,0,
551,18.367,voie3,0,
551,18.367,voie4,0,
551,18.367,voie5,0,
551,18.367,voie6,0,
552,18.400,voie1,0,
552,18.400,voie2,0,
552,18.400,voie3,0,
552,18.400,voie4,0,
552,18.400,voie5,0,
552,18.400,voie6,0,
553,18.433,voie1,0,
553,18.433,voie2,0,
553,18.433,voie3,0,
553,18.433,voie4,0,
553,18.433,voie5,0,
553,18.433,voie6,0,
554,18.467,voie1,0,
554,18.467,voie2,0,
554,18.467,voie3,0,
554,18.467,voie4,0,
554,18.467,voie5,0,
554,18.467,voie6,0,
555,18.500,voie1,0,
555,18.500,voie2,0,
555,18.500,voie3,0,
555,18.500,voie4,0,
555,18.500,voie5,0,
555,18.500,voie6,0,
556,18.533,voie1,0,
556,18.533,voie2,0,
556,18.533,voie3,0,
556,18.533,voie4,0,
556,18.533,voie5,0,
556,18.533,voie6,0,
557,18.567,voie1,0,
557,18.567,voie2,0,
557,18.567,voie3,0,
557,18.567,voie4,0,
557,18.567,voie5,0,
557,18.567,voie6,0,
558,18.600,voie1,0,
558,18.600,voie2,0,
558,18.600,voie3,0,
558,18.600,voie4,0,
558,18.600,voie5,0,
558,18.600,voie6,0,
559,18.633,voie1,0,
559,18.633,voie2,0,
559,18.633,voie3,0,
559,18.633,voie4,0,
559,18.633,voie5,0,
559,18.633,voie6,0,
560,18.667,voie1,0,
560,18.667,voie2,0,
560,18.667,voie3,0,
560,18.667,voie4,0,
560,18.667,voie5,0,
560,18.667,voie6,0,
561,18.700,voie1,0,
561,18.700,voie2,0,
561,18.700,voie3,0,
561,18.700,voie4,0,
561,18.700,voie5,0,
561,18.700,voie6,0,
562,18.733,voie1,0,
562,18.733,voie2,0,
562,18.733,voie3,0,
562,18.733,voie4,0,
562,18.733,voie5,0,
562,18.733,voie6,0,
563,18.767,voie1,0,
563,18.767,voie2,0,
563,18.767,voie3,0,
563,18.767,voie4,0,
563,18.767,voie5,0,
563,18.767,voie6,0,
564,18.800,voie1,0,
564,18.800,voie2,0,
564,18.800,voie3,0,
564,18.800,voie4,0,
564,18.800,voie5,0,
564,18.800,voie6,0,
565,18.833,voie1,0,
565,18.833,voie2,0,
565,18.833,voie3,0,
565,18.833,voie4,0,
565,18.833,voie5,0,
565,18.833,voie6,0,
566,18.867,voie1,0,
566,18.867,voie2,0,
566,18.867,voie3,0,
566,18.867,voie4,0,
566,18.867,voie5,0,
566,18.867,voie6,0,
567,18.900,voie1,0,
567,18.900,voie2,0,
567,18.900,voie3,0,
567,18.900,voie4,0,
567,18.900,voie5,0,
567,18.900,voie6,0,
568,18.933,voie1,0,
568,18.933,voie2,0,
568,18.933,voie3,0,
568,18.933,voie4,0,
568,18.933,voie5,0,
568,18.933,voie6,0,
569,18.967,voie1,0,
569,18.967,voie2,0,
569,18.967,voie3,0,
569,18.967,voie4,0,
569,18.967,voie5,0,
569,18.967,voie6,0,
570,19.000,voie1,0,
570,19.000,voie2,0,
570,19.000,voie3,0,
570,19.000,voie4,0,
570,19.000,voie5,0,
570,19.000,voie6,0,
571,19.033,voie1,0,
571,19.033,voie2,0,
571,19.033,voie3,0,
571,19.033,voie4,0,
571,19.033,voie5,0,
571,19.033,voie6,0,
572,19.067,voie1,0,
572,19.067,voie2,0,
572,19.067,voie3,0,
572,19.067,voie4,0,
572,19.067,voie5,0,
572,19.067,voie6,0,
573,19.100,voie1,0,
573,19.100,voie2,0,
573,19.100,voie3,0,
573,19.100,voie4,0,
573,19.100,voie5,0,
573,19.100,voie6,0,
574,19.133,voie1,0,
574,19.133,voie2,0,
574,19.133,voie3,0,
574,19.133,voie4,0,
574,19.133,voie5,0,
574,19.133,voie6,0,
575,19.167,voie1,0,
575,19.167,voie2,0,
575,19.167,voie3,0,
575,19.167,voie4,0,
575,19.167,voie5,0,
575,19.167,voie6,0,
576,19.200,voie1,0,
576,19.200,voie2,0,
576,19.200,voie3,0,
576,19.200,voie4,0,
576,19.200,voie5,0,
576,19.200,voie6,0,
577,19.233,voie1,0,
577,19.233,voie2,0,
577,19.233,voie3,0,
577,19.233,voie4,0,
577,19.233,voie5,0,
577,19.233,voie6,0,
578,19.267,voie1,0,
578,19.267,voie2,0,
578,19.267,voie3,0,
578,19.267,voie4,0,
578,19.267,voie5,0,
578,19.267,voie6,0,
579,19.300,voie1,0,
579,19.300,voie2,0,
579,19.300,voie3,0,
579,19.300,voie4,0,
579,19.300,voie5,0,
579,19.300,voie6,0,
580,19.333,voie1,0,
580,19.333,voie2,0,
580,19.333,voie3,0,
580,19.333,voie4,0,
580,19.333,voie5,0,
580,19.333,voie6,0,
581,19.367,voie1,0,
581,19.367,voie2,0,
581,19.367,voie3,0,
581,19.367,voie4,0,
581,19.367,voie5,0,
581,19.367,voie6,0,
582,19.400,voie1,0,
582,19.400,voie2,0,
582,19.400,voie3,0,
582,19.400,voie4,0,
582,19.400,voie5,0,
582,19.400,voie6,0,
583,19.433,voie1,0,
583,19.433,voie2,0,
583,19.433,voie3,0,
583,19.433,voie4,0,
583,19.433,voie5,0,
583,19.433,voie6,0,
584,19.467,voie1,0,
584,19.467,voie2,0,
584,19.467,voie3,0,
584,19.467,voie4,0,
584,19.467,voie5,0,
584,19.467,voie6,0,
585,19.500,voie1,0,
585,19.500,voie2,0,
585,19.500,voie3,0,
585,19.500,voie4,0,
585,19.500,voie5,0,
585,19.500,voie6,0,
586,19.533,voie1,0,
586,19.533,voie2,0,
586,19.533,voie3,0,
586,19.533,voie4,0,
586,19.533,voie5,0,
586,19.533,voie6,0,
587,19.567,voie1,0,
587,19.567,voie2,0,
587,19.567,voie3,0,
587,19.567,voie4,0,
587,19.567,voie5,0,
587,19.567,voie6,0,
588,19.600,voie1,0,
588,19.600,voie2,0,
588,19.600,voie3,0,
588,19.600,voie4,0,
588,19.600,voie5,0,
588,19.600,voie6,0,
589,19.633,voie1,0,
589,19.633,voie2,0,
589,19.633,voie3,0,
589,19.633,voie4,0,
589,19.633,voie5,0,
589,19.633,voie6,0,
590,19.667,voie1,0,
590,19.667,voie2,0,
590,19.667,voie3,0,
590,19.667,voie4,0,
590,19.667,voie5,0,
590,19.667,voie6,0,
591,19.700,voie1,0,
591,19.700,voie2,0,
591,19.700,voie3,0,
591,19.700,voie4,0,
591,19.700,voie5,0,
591,19.700,voie6,0,
592,19.733,voie1,0,
592,19.733,voie2,0,
592,19.733,voie3,0,
592,19.733,voie4,0,
592,19.733,voie5,0,
592,19.733,voie6,0,
593,19.767,voie1,0,
593,19.767,voie2,0,
593,19.767,voie3,0,
593,19.767,voie4,0,
593,19.767,voie5,0,
593,19.767,voie6,0,
594,19.800,voie1,0,
594,19.800,voie2,0,
594,19.800,voie3,0,
594,19.800,voie4,0,
594,19.800,voie5,0,
594,19.800,voie6,0,
595,19.833,voie1,0,
595,19.833,voie2,0,
595,19.833,voie3,0,
595,19.833,voie4,0,
595,19.833,voie5,0,
595,19.833,voie6,0,
596,19.867,voie1,0,
596,19.867,voie2,0,
596,19.867,voie3,0,
596,19.867,voie4,0,
596,19.867,voie5,0,
596,19.867,voie6,0,
597,19.900,voie1,0,
597,19.900,voie2,0,
597,19.900,voie3,0,
597,19.900,voie4,0,
597,19.900,voie5,0,
597,19.900,voie6,0,
598,19.933,voie1,0,
598,19.933,voie2,0,
598,19.933,voie3,0,
598,19.933,voie4,0,
598,19.933,voie5,0,
598,19.933,voie6,0,
599,19.967,voie1,0,
599,19.967,voie2,0,
599,19.967,voie3,0,
599,19.967,voie4,0,
599,19.967,voie5,0,
599,19.967,voie6,0,
600,20.000,voie1,0,
600,20.000,voie2,0,
600,20.000,voie3,0,
600,20.000,voie4,0,
600,20.000,voie5,0,
600,20.000,voie6,0,
601,20.033,voie1,0,
601,20.033,voie2,0,
601,20.033,voie3,0,
601,20.033,voie4,0,
601,20.033,voie5,0,
601,20.033,voie6,0,
602,20.067,voie1,0,
602,20.067,voie2,0,
602,20.067,voie3,0,
602,20.067,voie4,0,
602,20.067,voie5,0,
602,20.067,voie6,0,
603,20.100,voie1,0,
603,20.100,voie2,0,
603,20.100,voie3,0,
603,20.100,voie4,0,
603,20.100,voie5,0,
603,20.100,voie6,0,
604,20.133,voie1,0,
604,20.133,voie2,0,
604,20.133,voie3,0,
604,20.133,voie4,0,
604,20.133,voie5,0,
604,20.133,voie6,0,
605,20.167,voie1,0,
605,20.167,voie2,0,
605,20.167,voie3,0,
605,20.167,voie4,0,
605,20.167,voie5,0,
605,20.167,voie6,0,
606,20.200,voie1,0,
606,20.200,voie2,0,
606,20.200,voie3,0,
606,20.200,voie4,0,
606,20.200,voie5,0,
606,20.200,voie6,0,
607,20.233,voie1,0,
607,20.233,voie2,0,
607,20.233,voie3,0,
607,20.233,voie4,0,
607,20.233,voie5,0,
607,20.233,voie6,0,
608,20.267,voie1,0,
608,20.267,voie2,0,
608,20.267,voie3,0,
608,20.267,voie4,0,
608,20.267,voie5,0,
608,20.267,voie6,0,
609,20.300,voie1,0,
609,20.300,voie2,0,
609,20.300,voie3,0,
609,20.300,voie4,0,
609,20.300,voie5,0,
609,20.300,voie6,0,
610,20.333,voie1,0,
610,20.333,voie2,0,
610,20.333,voie3,0,
610,20.333,voie4,0,
610,20.333,voie5,0,
610,20.333,voie6,0,
611,20.367,voie1,0,
611,20.367,voie2,0,
611,20.367,voie3,0,
611,20.367,voie4,0,
611,20.367,voie5,0,
611,20.367,voie6,0,
612,20.400,voie1,0,
612,20.400,voie2,0,
612,20.400,voie3,0,
612,20.400,voie4,0,
612,20.400,voie5,0,
612,20.400,voie6,0,
613,20.433,voie1,0,
613,20.433,voie2,0,
613,20.433,voie3,0,
613,20.433,voie4,0,
613,20.433,voie5,0,
613,20.433,voie6,0,
614,20.467,voie1,0,
614,20.467,voie2,0,
614,20.467,voie3,0,
614,20.467,voie4,0,
614,20.467,voie5,0,
614,20.467,voie6,0,
615,20.500,voie1,0,
615,20.500,voie2,0,
615,20.500,voie3,0,
615,20.500,voie4,0,
615,20.500,voie5,0,
615,20.500,voie6,0,
616,20.533,voie1,0,
616,20.533,voie2,0,
616,20.533,voie3,0,
616,20.533,voie4,0,
616,20.533,voie5,0,
616,20.533,voie6,0,
